,Address,Beds,Baths,Price,Square Foot
0,"425 Lindbergh Dr NE #D1, Atlanta, GA 30305",2bd,1ba,"$259,990","1,010 sqft"
1,"1671 Cecile Ave, Atlanta, GA 30316",4bd,2ba,"$645,000","1,998 sqft (on 0.30 acres)"
2,"214 Maple St, Hapeville, GA 30354",Studio,Undisclosed,"$125,000",Undisclosed
3,"1835 Broad Ave, East Pt, GA 30344",3bd,3ba,"$275,000","1,211 sqft"
4,"2997 Semmes St, East Pt, GA 30344",3bd,2ba,"$235,000","1,244 sqft"
5,"6765 Prelude Dr   #214, Atlanta, GA 30328",3bd,4ba,"$762,040","2,258 sqft"
6,"6753 Prelude Dr   #216, Atlanta, GA 30328",3bd,4ba,"$760,000","2,258 sqft"
7,"300 W  Peachtree St   NE #12, Atlanta, GA 30308",1bd,1ba,"$235,000",628 sqft
8,"1841 E  Farris Ave, East Pt, GA 30344",3bd,2ba,"$320,000","1,200 sqft"
9,"2300 Peachford Rd #1202, Atlanta, GA 30338",2bd,2ba,"$400,000","1,396 sqft"
10,"400 17th St NW #1334, Atlanta, GA 30363",3bd,3ba,"$359,900","1,500 sqft"
11,"Ansley Plan in Beckham Place at Morningside, Atlanta, GA 30310",3bd,4ba,"$691,995+","1,768 sqft"
12,"681 Ira St SW, Atlanta, GA 30310",3bd,1ba,"$170,000","1,200 sqft"
13,"195 Beverly Rd NE, Atlanta, GA 30309",3bd,3ba,"$1,549,000",Undisclosed
14,"3770 Peachtree Rd Plan in Ladisic Fine Homes, Atlanta, GA 30305",4bd,5ba,"$3,750,000+","6,157 sqft"
15,"1101 Collier Rd   NW #A8, Atlanta, GA 30318",2bd,2ba,"$288,000","1,020 sqft"
16,"1074 Peachtree Walk NE #310, Atlanta, GA 30309",1bd,1ba,"$264,900",720 sqft
17,"1697 Chateau Dr, Atlanta, GA 30338",5bd,4ba,"$635,000","3,375 sqft (on 0.50 acres)"
18,"1385 Campbellton Rd SW, Atlanta, GA 30310",3bd,2ba,"$299,000","1,140 sqft (on 0.26 acres)"
19,"1867 Jan Hill Ln, Atlanta, GA 30329",3bd,2ba,"$565,000","1,429 sqft (on 0.40 acres)"
20,"860 Peachtree St   NE #1016, Atlanta, GA 30308",1bd,1ba,"$320,000",606 sqft
21,"4038 Tilly Mill Rd, Atlanta, GA 30360",4bd,2ba,"$529,000","2,842 sqft (on 0.40 acres)"
22,"Homes Available Soon Plan in Monticello, Atlanta, GA 30354",Studio,Undisclosed,,Undisclosed
23,"1335 Parc Bench Rd   #19, Atlanta, GA 30349",3bd,3ba,"$414,900","1,465 sqft"
24,"1337 Parc Bench Rd   #20, Atlanta, GA 30349",3bd,3ba,"$404,900","1,465 sqft"
25,"71 Lucy St   SE #3, Atlanta, GA 30312",4bd,5ba,"$849,999","2,645 sqft"
26,"425 Chapel St   SW #2302, Atlanta, GA 30313",2bd,2ba,"$275,000","1,196 sqft"
27,"1051 Thomasville Estate Way, Atlanta, GA 30315",3bd,3ba,"$329,990","1,800 sqft"
28,"923 Peachtree St NE #1435, Atlanta, GA 30309",1bd,1ba,"$297,900",768 sqft
29,"879 Sims St SW, Atlanta, GA 30310",Studio,Undisclosed,"$79,900",Undisclosed
30,"1585 Woodland Ave SE, Atlanta, GA 30315",5bd,3ba,"$579,000",Undisclosed
31,"Manor Home 2 Plan in Downing Park, Atlanta, GA 30307",6bd,7ba,"$2,350,000+","4,495 sqft"
32,"Cosmos Plan in Aviary Park, Atlanta, GA 30311",3bd,3ba,"$281,900+","1,421 sqft"
33,"180 Smithdun Ln, Sandy Springs, GA 30350",4bd,4ba,"$745,000","2,855 sqft (on 0.26 acres)"
34,"3113 Lenox Rd   NE #5, Atlanta, GA 30324",3bd,4ba,"$800,000","3,300 sqft"
35,"880 Oakhill Ave SW, Atlanta, GA 30310",3bd,3ba,"$440,000","1,600 sqft"
36,"1365 Custer Way SE, Atlanta, GA 30316",4bd,4ba,"$730,000","3,576 sqft"
37,"809 Peachtree Battle Ave NW, Atlanta, GA 30327",4bd,5ba,"$2,350,000","5,105 sqft (on 2.20 acres)"
38,"1351 Paces Forest Dr NW, Atlanta, GA 30327",6bd,6ba,"$1,375,000","5,850 sqft (on 0.57 acres)"
39,"Annalise Plan in Anatole, Atlanta, GA 30331",3bd,3ba,"$301,000+","1,580 sqft"
40,"2226 Bigwood Trl, Atlanta, GA 30349",2bd,3ba,"$215,000","1,544 sqft"
41,"6585 Commonwood Pl, Atlanta, GA 30349",5bd,3ba,"$278,000","2,312 sqft (on 0.41 acres)"
42,"2164 Connally Dr, East Pt, GA 30344",3bd,2ba,"$220,000","1,440 sqft (on 0.29 acres)"
43,"924 Virginia Ave NE, Atlanta, GA 30306",3bd,2ba,"$724,900","1,826 sqft"
44,"Winn Plan in Beckham Place at Morningside, Atlanta, GA 30310",3bd,4ba,"$752,995+","2,044 sqft"
45,"3070 Harold Ave, Atlanta, GA 30316",Studio,Undisclosed,"$62,000",Undisclosed
46,"5295 Orange Dr SW, Atlanta, GA 30331",4bd,3ba,"$357,000","1,606 sqft (on 0.40 acres)"
47,"1982 Baker Rd NW, Atlanta, GA 30318",3bd,3ba,"$414,900","1,540 sqft"
48,"1282 Longreen Ter  #121, Atlanta, GA 30318",2bd,2ba,"$441,417","1,070 sqft"
49,"1039 Division St   NW #30, Atlanta, GA 30314",3bd,5ba,"$768,758","2,373 sqft"
50,"324 8th St NE, Atlanta, GA 30309",6bd,6ba,"$1,995,000","5,040 sqft"
51,"3117 Mabry Rd, Atlanta, GA 30319",3bd,2ba,"$1,100,000","1,343 sqft (on 0.60 acres)"
52,"1338 Dekalb Ave, Atlanta, GA 30307",3bd,3ba,"$825,000","2,781 sqft"
53,"1375 Elizabeth Ln, East Pt, GA 30344",3bd,1ba,"$320,000","1,272 sqft"
54,"4070 Ivey Gate, Chamblee, GA 30341",3bd,4ba,"$520,000","2,683 sqft"
55,"166 Chestnut St   #74, Atlanta, GA 30354",2bd,2ba,"$554,260","1,200 sqft"
56,"2530 Nevels Rd, Atlanta, GA 30349",3bd,4ba,"$269,900","2,341 sqft (on 1.70 acres)"
57,"87 Peachtree St SW #506, Atlanta, GA 30303",1bd,1ba,"$239,500","1,256 sqft"
58,"1113 Cordova St SW, Atlanta, GA 30310",Studio,Undisclosed,"$95,000",Undisclosed
59,"Ashby Plan in Reverie on Cumberland, Atlanta, GA 30339",2bd,3ba,"$623,040+","1,873 sqft"
60,"Cooper Plan in Reverie on Cumberland, Atlanta, GA 30339",4bd,4ba,"$719,370+","2,470 sqft"
61,"Robie Plan in The Villages at Oakshire, Atlanta, GA 30354",5bd,3ba,"$352,500+","2,361 sqft"
62,"2475 Sycamore Rd   NW, Atlanta, GA 30318",3bd,4ba,"$529,900","2,175 sqft"
63,"2485 Sycamore Rd, Atlanta, GA 30318",3bd,4ba,"$529,900","2,175 sqft"
64,"2488 Sycamore Rd, Atlanta, GA 30318",3bd,4ba,"$554,900","2,175 sqft"
65,"2782 Rangewood Dr, Atlanta, GA 30345",5bd,5ba,"$865,000","4,950 sqft (on 0.30 acres)"
66,"2487 Sycamore Rd, Atlanta, GA 30318",3bd,4ba,"$529,900","2,175 sqft"
67,"2491 Sycamore Rd, Atlanta, GA 30318",3bd,4ba,"$539,900","2,175 sqft"
68,"Type A Plan in Hollywood and Main II, Atlanta, GA 30318",3bd,4ba,"$490,000+","1,792 sqft"
69,"316 Glenn St SW, Atlanta, GA 30312",2bd,3ba,"$250,000",992 sqft
70,"1165 Chantilly Rdg  NE, Atlanta, GA 30324",4bd,4ba,"$725,000","2,915 sqft"
71,"915 Smith St SW, Atlanta, GA 30310",2bd,2ba,"$255,000",910 sqft
72,"848 Stratum Way SE, Atlanta, GA 30312",4bd,3ba,"$539,500","1,958 sqft"
73,"1273 Longreen Ter  #6, Atlanta, GA 30318",1bd,1ba,"$310,227",640 sqft
74,"3208 N  Fulton Ave, Hapeville, GA 30354",3bd,2ba,"$280,000","1,196 sqft"
75,"300 W  Peachtree St   NW #4B, Atlanta, GA 30308",1bd,1ba,"$205,000",621 sqft
76,"4291 Briarcliff Rd, Atlanta, GA 30345",3bd,2ba,"$439,000","1,930 sqft (on 0.40 acres)"
77,"353 Mary St SW, Atlanta, GA 30310",2bd,2ba,"$321,900",975 sqft
78,"2825 Gresham Rd, Atlanta, GA 30316",3bd,1ba,"$250,000",984 sqft
79,"400 W  Peachtree St   NW #3801, Atlanta, GA 30308",2bd,2ba,"$550,000","1,380 sqft"
80,"250 Pharr Rd #1307, Atlanta, GA 30305",1bd,1ba,"$275,000",762 sqft
81,"1563 Paxon St   SE, Atlanta, GA 30317",4bd,3ba,"$210,000","1,014 sqft"
82,"149 Walnut St SW, Atlanta, GA 30314",6bd,2ba,"$400,000","2,244 sqft"
83,"795 Hammond Dr #1701, Sandy Springs, GA 30328",2bd,1ba,"$245,000",975 sqft
84,"3994 Wolcott Cir, Doraville, GA 30340",2bd,3ba,"$257,500","1,160 sqft"
85,"226 Polar Rock Rd SW, Atlanta, GA 30315",3bd,2ba,"$321,000","1,942 sqft (on 0.37 acres)"
86,"2232 Dunseath Ave NW #412, Atlanta, GA 30318",2bd,2ba,"$250,000",950 sqft
87,"2255 Peachtree Rd NE #420, Atlanta, GA 30309",2bd,2ba,"$350,000","1,030 sqft"
88,"112 Rogers St   NE #302, Atlanta, GA 30317",1bd,1ba,"$214,900",441 sqft
89,"987 Ashby Cir NW, Atlanta, GA 30314",3bd,3ba,"$480,000","1,796 sqft"
90,"5315 Brooke Ridge Dr, Atlanta, GA 30338",3bd,4ba,"$499,900","2,438 sqft"
91,"812 Flat Shoals Way, Atlanta, GA 30316",2bd,2ba,"$400,000",Undisclosed
92,"3777 Peachtree Rd   NE #1128, Atlanta, GA 30319",1bd,1ba,"$250,000",919 sqft
93,"1851 Dunlap Ave, East Pt, GA 30344",3bd,2ba,"$349,000","1,482 sqft"
94,"2109 River Green Dr NW, Atlanta, GA 30327",1bd,1ba,"$225,000",820 sqft
95,"2998 Memorial Dr, Atlanta, GA 30317",2bd,1ba,"$319,000",977 sqft (on 0.30 acres)
96,"3300 Dogwood Dr   #312, Hapeville, GA 30354",2bd,2ba,"$225,000","1,295 sqft"
97,"374 Oak Dr SE, Atlanta, GA 30354",3bd,2ba,"$304,900","1,014 sqft (on 0.27 acres)"
98,"1461 Hawthorne Way, East Pt, GA 30344",3bd,1ba,"$80,000","1,254 sqft"
99,"854 Bonneville Ter NW, Atlanta, GA 30331",3bd,3ba,"$245,000","1,150 sqft"
100,"300 W  Peachtree St   NW #22L, Atlanta, GA 30308",1bd,1ba,"$255,000",609 sqft
101,"870 Mayson Turner Rd   NW #1239, Atlanta, GA 30314",1bd,1ba,"$140,000",768 sqft
102,"1412 Foxhall Ln   SE #11, Atlanta, GA 30316",1bd,1ba,"$128,000",627 sqft
103,"2921 Lenox Rd   NE #402, Atlanta, GA 30324",2bd,2ba,"$354,000","1,270 sqft"
104,"976 Silverwood Dr, Atlanta, GA 30349",3bd,2ba,"$269,900","2,176 sqft"
105,"170 Boulevard SE #E209, Atlanta, GA 30312",2bd,2ba,"$575,000","1,858 sqft"
106,"1372 McClelland Ave, Atlanta, GA 30344",3bd,2ba,"$219,999","1,180 sqft"
107,"1689 Derry Ave SW, Atlanta, GA 30310",4bd,4ba,"$535,888","2,425 sqft"
108,"260 18th St   NW #10315, Atlanta, GA 30363",2bd,2ba,"$434,900","1,372 sqft"
109,"2249 Leicester Way SE, Atlanta, GA 30316",3bd,3ba,"$325,000","1,548 sqft"
110,"4030 Stonewall Tell Rd, Atlanta, GA 30349",4bd,2ba,"$295,000","1,404 sqft (on 1.48 acres)"
111,"2951 W  Roxboro Rd NE, Atlanta, GA 30324",6bd,7ba,"$2,225,000","6,494 sqft (on 0.48 acres)"
112,"4834 Neal Rdg, Atlanta, GA 30349",5bd,4ba,"$825,000","5,189 sqft (on 0.44 acres)"
113,"3869 Longview Dr, Atlanta, GA 30341",3bd,2ba,"$450,000","1,241 sqft (on 0.30 acres)"
114,"70 Sheridan Dr   NE #7, Atlanta, GA 30305",1bd,1ba,"$229,900",485 sqft
115,"1412 Beatie Ave SW, Atlanta, GA 30310",3bd,2ba,"$449,999","1,459 sqft"
116,"2587 Hightower Ct NW, Atlanta, GA 30318",4bd,3ba,"$247,500",988 sqft
117,"Welkin 2B Plan in Stein Steel, Atlanta, GA 30316",2bd,3ba,"$616,000+","1,343 sqft"
118,"1403 Vesta Ter, Atlanta, GA 30344",Studio,Undisclosed,"$450,000",Undisclosed
119,"3177 Clairwood Ter, Atlanta, GA 30341",2bd,1ba,"$449,900","1,068 sqft (on 0.30 acres)"
120,"1194 Mansfield Ave, Atlanta, GA 30307",4bd,3ba,"$899,000","2,472 sqft"
121,"1442 Hosea L Williams Dr NE, Atlanta, GA 30317",3bd,2ba,"$495,000","1,394 sqft"
122,"6961 Brandon Mill Rd, Sandy Springs, GA 30328",4bd,4ba,"$750,000","2,728 sqft (on 0.52 acres)"
123,"3091 Colonial Way  #A3, Atlanta, GA 30341",2bd,2ba,"$264,900","1,032 sqft"
124,"795 Hammond Dr #1808, Sandy Springs, GA 30328",1bd,1ba,"$218,000",769 sqft
125,"Townhouse 2 Plan in Downing Park, Atlanta, GA 30307",4bd,5ba,"$1,700,000+","3,535 sqft"
126,"2615 Jefferson Ter, Atlanta, GA 30344",2bd,2ba,"$349,500","1,777 sqft (on 0.28 acres)"
127,"2210 Pansy St NW, Atlanta, GA 30314",3bd,3ba,"$279,000","1,288 sqft"
128,"554 Oak Dr, Hapeville, GA 30354",3bd,2ba,"$300,000","1,200 sqft"
129,"5925 Mallory Rd, Atlanta, GA 30349",2bd,2ba,"$169,900",960 sqft (on 1.92 acres)
130,"4110 Robin Cir, Atlanta, GA 30349",3bd,3ba,"$265,000","2,264 sqft"
131,"3303 Woodwalk Dr   SE #17, Atlanta, GA 30339",3bd,4ba,"$599,900","3,710 sqft"
132,"2226 Bigwood Trl  S, Atlanta, GA 30349",2bd,3ba,"$215,000","1,544 sqft"
133,"400 W  Peachtree St   NW #705, Atlanta, GA 30308",1bd,1ba,"$279,000",743 sqft
134,"798 Saint Charles Ave  NE #4, Atlanta, GA 30306",1bd,1ba,"$245,000",635 sqft
135,"Maxwell Plan in Zephyr, Atlanta, GA 30315",2bd,2ba,"$410,000+","1,171 sqft"
136,"6314 Rockaway Rd   #29, Atlanta, GA 30349",3bd,3ba,"$265,100","1,488 sqft"
137,"560 Wembley Cir, Sandy Springs, GA 30328",4bd,4ba,"$719,000","3,115 sqft"
138,"1161 Bordeau Ct, Atlanta, GA 30338",4bd,3ba,"$550,000","2,365 sqft (on 0.40 acres)"
139,"1097 Robert Smalls Way, Atlanta, GA 30318",3bd,4ba,"$662,900","2,294 sqft"
140,"783 Charles Allen Dr NE, Atlanta, GA 30308",5bd,4ba,"$925,000","2,462 sqft"
141,"986 Linam St SE, Atlanta, GA 30315",4bd,4ba,"$799,900","2,228 sqft"
142,"3633 Tuxedo Rd NW, Atlanta, GA 30305",5bd,9ba,"$4,500,000","9,993 sqft (on 1.32 acres)"
143,"499 Johnson Ferry Rd NW, Sandy Springs, GA 30328",5bd,6ba,"$2,200,000","4,939 sqft (on 7.17 acres)"
144,"2733 Caldwell Rd, Atlanta, GA 30319",6bd,6ba,"$1,399,900","5,812 sqft (on 0.30 acres)"
145,"Braden Plan in Anatole, Atlanta, GA 30331",3bd,3ba,"$296,000+","1,463 sqft"
146,"1033 Lenox Crst, Atlanta, GA 30324",3bd,3ba,"$724,500","3,686 sqft"
147,"1300 Memorial Dr   SE #14, Atlanta, GA 30317",3bd,4ba,"$640,000","2,382 sqft"
148,"6177 Stonelake Dr SW, Atlanta, GA 30331",5bd,4ba,"$465,000","3,451 sqft"
149,"737 Bismark Rd NE, Atlanta, GA 30324",3bd,4ba,"$550,000","1,881 sqft"
150,"1831 Dunlap Ave, East Pt, GA 30344",3bd,2ba,"$349,900",Undisclosed
151,"2884 Cravey Dr   NE, Atlanta, GA 30345",6bd,5ba,"$925,000","3,078 sqft (on 0.50 acres)"
152,"1092 Oak St SW, Atlanta, GA 30310",3bd,2ba,"$394,000","2,052 sqft"
153,"1069 Bluffhaven Way, Atlanta, GA 30319",4bd,4ba,"$1,059,000","3,918 sqft"
154,"3538 Kim Ct, Atlanta, GA 30340",4bd,2ba,"$699,000","2,750 sqft (on 0.70 acres)"
155,"2276 Sargent Pl   SE, Atlanta, GA 30315",Studio,Undisclosed,"$75,000",Undisclosed
156,"496 Park Valley Dr NW, Atlanta, GA 30318",3bd,1ba,"$174,900",828 sqft (on 0.25 acres)
157,"507 Carter Ave SE, Atlanta, GA 30317",4bd,3ba,"$675,000","2,384 sqft"
158,"958 Wylie St SE, Atlanta, GA 30316",4bd,3ba,"$949,900","2,304 sqft"
159,"353 Collier Ridge Dr NW, Atlanta, GA 30318",3bd,2ba,"$359,900","1,450 sqft (on 0.31 acres)"
160,"2880 Dawes Ave, Atlanta, GA 30317",4bd,2ba,"$430,000","1,440 sqft"
161,"779 N  Elizabeth Pl NW, Atlanta, GA 30318",3bd,2ba,"$345,900","1,600 sqft"
162,"2803 Fleur De Lis Way, Dunwoody, GA 30360",3bd,2ba,"$475,000","1,662 sqft (on 0.40 acres)"
163,"411 9th St NE, Atlanta, GA 30309",5bd,5ba,"$2,395,000","4,000 sqft"
164,"1057 Shepherds Ln, Atlanta, GA 30324",5bd,4ba,"$935,000","3,600 sqft (on 0.30 acres)"
165,"1063 Smith St SW, Atlanta, GA 30310",3bd,2ba,"$400,000","1,509 sqft"
166,"2554 Boulder Hill Ct, Atlanta, GA 30316",4bd,3ba,"$439,000","1,544 sqft (on 0.40 acres)"
167,"632 Home Ave SE, Atlanta, GA 30312",3bd,2ba,"$525,000","1,117 sqft"
168,"650 Glen Iris Dr NE #24, Atlanta, GA 30308",2bd,2ba,"$465,000","1,075 sqft"
169,"510 Pine Tree Dr NE, Atlanta, GA 30305",3bd,2ba,"$1,185,000","1,789 sqft"
170,"626 Elmwood Dr NE, Atlanta, GA 30306",3bd,2ba,"$1,095,000","1,914 sqft"
171,"3586 Adelaide Xing, Atlanta, GA 30319",4bd,4ba,"$650,000","2,510 sqft"
172,"675 Greenwood Ave NE #108, Atlanta, GA 30306",2bd,3ba,"$675,000","1,686 sqft"
173,"2824 Tupelo St, Atlanta, GA 30317",4bd,3ba,"$849,900","2,327 sqft (on 0.30 acres)"
174,"900 Coleman St   SW, Atlanta, GA 30310",4bd,3ba,"$550,000","1,900 sqft"
175,"Brycen Plan in Park Vue, Atlanta, GA 30318",2bd,3ba,"$453,955+","1,569 sqft"
176,"1111 Clifton Rd   NE, Atlanta, GA 30307",6bd,4ba,"$1,375,000","4,057 sqft (on 0.50 acres)"
177,"1722 Faulkland Ave, Atlanta, GA 30329",3bd,4ba,"$580,000","2,200 sqft"
178,"1619 Sylvan Rd SW, Atlanta, GA 30310",4bd,2ba,"$490,000","1,821 sqft"
179,"1103 Leah Ln, Atlanta, GA 30316",3bd,3ba,"$550,000","2,040 sqft"
180,"3623 Princeton Ave, College Park, GA 30337",3bd,4ba,"$410,000","1,520 sqft"
181,"3982 Lake Manor Way, Atlanta, GA 30349",3bd,3ba,"$400,000","2,243 sqft"
182,"1059 Claudette Colvin Ct, Atlanta, GA 30318",3bd,4ba,"$672,900","2,294 sqft"
183,"1095 Robert Smalls Way, Atlanta, GA 30318",3bd,4ba,"$662,900","2,294 sqft"
184,"1055 Claudette Colvin Ct, Atlanta, GA 30318",3bd,4ba,"$672,900","2,294 sqft"
185,"1057 Claudette Colvin Ct, Atlanta, GA 30318",3bd,4ba,"$652,900","2,294 sqft"
186,"735 Elkmont Dr NE, Atlanta, GA 30306",4bd,4ba,"$1,499,900","3,106 sqft (on 0.27 acres)"
187,"855 Peachtree St   NE #2807, Atlanta, GA 30308",2bd,3ba,"$529,000","1,184 sqft"
188,"1977 Clairmont Ter, Atlanta, GA 30345",3bd,4ba,"$825,000","3,598 sqft (on 1.10 acres)"
189,"390 17th St NW #2001, Atlanta, GA 30363",2bd,2ba,"$299,900","1,166 sqft"
190,"4094 N  Shallowford Rd, Atlanta, GA 30341",4bd,3ba,"$499,900","2,288 sqft (on 0.30 acres)"
191,"3004 Vinings Ferry Dr SE, Atlanta, GA 30339",3bd,3ba,"$450,000","2,400 sqft"
192,"1485 Harts Mill Rd, Atlanta, GA 30319",4bd,4ba,"$1,095,000","3,155 sqft (on 0.60 acres)"
193,"1118 Hawthorne St NE, Atlanta, GA 30307",5bd,3ba,"$699,000","2,432 sqft"
194,"3579 Castlegate Dr NW, Atlanta, GA 30327",4bd,5ba,"$2,775,000","5,582 sqft (on 1.05 acres)"
195,"6580 Bellburn Rd, Atlanta, GA 30349",5bd,3ba,"$360,000","2,045 sqft (on 0.31 acres)"
196,"1106 Briar Cove Cir, Atlanta, GA 30329",5bd,4ba,"$875,000","2,870 sqft"
197,"Belhaven Plan in The Villages at Oakshire, Atlanta, GA 30354",4bd,3ba,"$335,430+","1,991 sqft"
198,"375 Highland Ave  NE #303, Atlanta, GA 30312",3bd,3ba,"$435,000","1,478 sqft"
199,"3079 Revere Ct, Atlanta, GA 30340",2bd,3ba,"$200,000","1,160 sqft"
200,"50 Ormond St SW, Atlanta, GA 30315",4bd,3ba,"$557,000",Undisclosed
201,"270 17th St NW #1104, Atlanta, GA 30363",2bd,3ba,"$599,900","1,744 sqft"
202,"1549 Brooksbank Dr, Atlanta, GA 30319",4bd,4ba,"$675,000","2,602 sqft"
203,"10 Queen Victoria Pl NE, Atlanta, GA 30342",3bd,3ba,"$385,000",Undisclosed
204,"641 Hamilton E Holmes Dr NW, Atlanta, GA 30318",3bd,2ba,"$170,000","1,155 sqft"
205,"943 Peachtree Rd #1105, Atlanta, GA 30309",1bd,1ba,"$289,000",754 sqft
206,"5522 Denny Dr, Atlanta, GA 30349",5bd,2ba,"$349,900","1,320 sqft"
207,"2923 Two Lake Cir, College Park, GA 30349",3bd,3ba,"$240,000","1,225 sqft"
208,"4100 Paces Walk SE #1206, Atlanta, GA 30339",2bd,2ba,"$325,000","1,304 sqft"
209,"391 Mount Zion Rd   SW, Atlanta, GA 30354",5bd,2ba,"$275,000","2,048 sqft"
210,"1545 Pineview Ter SW, Atlanta, GA 30311",2bd,1ba,"$275,000","1,287 sqft"
211,"70 Chappell Rd NW, Atlanta, GA 30314",5bd,3ba,"$439,900","2,160 sqft"
212,"2637 Peachtree Rd NE #310, Atlanta, GA 30305",2bd,2ba,"$375,000","1,454 sqft"
213,"800 Peachtree St   NE #102, Atlanta, GA 30308",1bd,1ba,"$289,000",832 sqft
214,"1696 Westwood Ave SW, Atlanta, GA 30310",4bd,3ba,"$635,000","2,400 sqft"
215,"5222 Brooke Ridge Dr, Atlanta, GA 30338",2bd,2ba,"$469,000","1,645 sqft"
216,"1777 Maple Walk Cir SW, Atlanta, GA 30315",3bd,3ba,"$370,000","1,966 sqft"
217,"814 Humphries St SW, Atlanta, GA 30310",3bd,2ba,"$380,000","1,161 sqft"
218,"2825 Expressway #P2, Atlanta, GA 30345",3bd,3ba,"$260,000","1,671 sqft"
219,"1150 Collier Rd   NW #L22, Atlanta, GA 30318",1bd,1ba,"$175,000",636 sqft
220,"1471 Hardin Ave, College Park, GA 30337",3bd,2ba,"$369,900","1,314 sqft"
221,"451 Holly St NW, Atlanta, GA 30318",3bd,2ba,"$335,000","1,371 sqft"
222,"738 Highland Ave NE, Atlanta, GA 30312",3bd,2ba,"$625,000","1,863 sqft"
223,"452 Rockwell St SW, Atlanta, GA 30310",4bd,4ba,"$585,000","2,980 sqft"
224,"620 Peachtree St NE #1911, Atlanta, GA 30308",2bd,1ba,"$254,900",992 sqft
225,"132 Warren St, Atlanta, GA 30317",3bd,2ba,"$625,000","1,680 sqft (on 0.30 acres)"
226,"Hutton Plan in Easton, Atlanta, GA 30318",3bd,3ba,"$590,990+","2,349 sqft"
227,"1029 Piedmont Ave NE #207, Atlanta, GA 30309",1bd,1ba,"$300,000",852 sqft
228,"33 Mildred Pl NW, Atlanta, GA 30318",Studio,Undisclosed,"$84,900",Undisclosed
229,"1016 Ada Ave NW, Atlanta, GA 30318",Studio,Undisclosed,"$35,000",Undisclosed
230,"625 Piedmont Ave  NE #2025, Atlanta, GA 30308",1bd,1ba,"$395,000",916 sqft
231,"2828 Peachtree Rd NE #2802, Atlanta, GA 30305",2bd,2ba,"$550,000","1,371 sqft"
232,"6851 Roswell Rd   #Q20, Atlanta, GA 30328",3bd,2ba,"$280,000","1,469 sqft"
233,"180 Glenrose Cir SW, Atlanta, GA 30354",4bd,2ba,"$305,000",850 sqft
234,"1410 Foxhall Ln   SE #5, Atlanta, GA 30316",3bd,2ba,"$164,900",990 sqft
235,"388 Princeton Way, Atlanta, GA 30307",3bd,2ba,"$750,000","1,839 sqft"
236,"Addison Basement Plan in Stein Steel, Atlanta, GA 30316",2bd,3ba,"$595,000+","1,341 sqft"
237,"112 Arcadia Cir NW, Atlanta, GA 30314",Studio,Undisclosed,"$65,000",Undisclosed
238,"6384 Cherry Tree Ln, Sandy Springs, GA 30328",3bd,3ba,"$450,000",Undisclosed
239,"3397 Rockhaven Cir NE, Atlanta, GA 30324",3bd,2ba,"$660,000","1,690 sqft (on 0.52 acres)"
240,"3619 Keswick Dr, Atlanta, GA 30341",5bd,7ba,"$1,750,000","6,093 sqft (on 0.30 acres)"
241,"2230 Cheshire Bridge Rd   NE #110, Atlanta, GA 30324",1bd,1ba,"$175,000",755 sqft
242,"6230 Mountain Brook Way, Atlanta, GA 30328",6bd,6ba,"$1,435,000","5,000 sqft (on 0.61 acres)"
243,"GALEN Plan in Glen at Cascading Palms, Atlanta, GA 30331",4bd,3ba,"$392,990+","2,340 sqft"
244,"1460 Hartford Ave SW, Atlanta, GA 30310",3bd,3ba,"$310,000","2,662 sqft"
245,"2392 Jefferson Ter, East Pt, GA 30344",3bd,1ba,"$254,000","1,008 sqft"
246,"809 North Ave, Hapeville, GA 30354",6bd,3ba,"$450,000","3,000 sqft (on 0.73 acres)"
247,"140 Mount Zion Rd   SE #8, Atlanta, GA 30354",2bd,1ba,"$65,000",Undisclosed
248,"3667 Peachtree Rd   NE #9, Atlanta, GA 30319",3bd,4ba,"$849,000","2,495 sqft"
249,"3667 Peachtree Rd   NE #8, Atlanta, GA 30319",3bd,4ba,"$875,000","2,495 sqft"
250,"Lindsey Plan in Zephyr, Atlanta, GA 30315",3bd,3ba,"$492,000+","1,500 sqft"
251,"10 Perimeter Summit Blvd NE #4203, Atlanta, GA 30319",2bd,2ba,"$269,900","1,017 sqft"
252,"Townhouse 9 Plan in Downing Park, Atlanta, GA 30307",3bd,4ba,"$1,450,000+","3,006 sqft"
253,"401 Beverly Rd NE, Atlanta, GA 30309",4bd,4ba,"$1,999,000","4,132 sqft (on 0.34 acres)"
254,"3445 Stratford Rd   NE #2703, Atlanta, GA 30326",1bd,1ba,"$350,000","1,303 sqft"
255,"Bellamy Plan in Reverie on Cumberland, Atlanta, GA 30339",2bd,3ba,"$464,900+","1,590 sqft"
256,"Cabral Plan in The Villages at Oakshire, Atlanta, GA 30354",3bd,3ba,"$323,950+","1,634 sqft"
257,"1001 Bergeron Pl, Sandy Springs, GA 30328",4bd,4ba,"$599,999","2,829 sqft"
258,"1007 Palmetto Ave SW, Atlanta, GA 30314",2bd,1ba,"$160,000","1,182 sqft"
259,"Addison Plan in Dalston, Atlanta, GA 30342",2bd,3ba,"$550,000+","1,341 sqft"
260,"665 Brookline St SW, Atlanta, GA 30310",3bd,2ba,"$575,000","1,765 sqft"
261,"813 Sherwood Rd NE, Atlanta, GA 30324",5bd,5ba,"$2,195,000","5,224 sqft"
262,"1104 Riverbend Club Dr SE, Atlanta, GA 30339",2bd,3ba,"$475,000","1,352 sqft"
263,"1422 Glenwood Ave, Atlanta, GA 30316",4bd,4ba,"$650,000","2,136 sqft"
264,"280 Estoria St   SE, Atlanta, GA 30316",3bd,4ba,"$695,000","2,130 sqft"
265,"1035 Euclid Ave NE, Atlanta, GA 30307",4bd,3ba,"$1,150,000","2,492 sqft"
266,"2454 Kings Ct, Atlanta, GA 30345",5bd,5ba,"$799,000","4,863 sqft"
267,"218 Marion Pl, Atlanta, GA 30307",3bd,4ba,"$595,000","2,227 sqft"
268,"4016 Lake Manor Way, Atlanta, GA 30349",4bd,3ba,"$415,000","3,920 sqft"
269,"248 Spalding Gates Dr, Sandy Springs, GA 30328",3bd,3ba,"$500,000","2,797 sqft"
270,"4452 Dalston Dr   #4, Atlanta, GA 30342",3bd,3ba,"$543,694","1,370 sqft"
271,"2044 Groveglen Ct, Atlanta, GA 30345",6bd,5ba,"$1,099,000","5,750 sqft (on 0.89 acres)"
272,"821 Ralph McGill Blvd NE #3349, Atlanta, GA 30306",1bd,1ba,"$294,500",793 sqft
273,"198 Ponce De Leon Ave  NE #2A, Atlanta, GA 30308",2bd,1ba,"$285,000",910 sqft
274,"2782 Mango Cir NW, Atlanta, GA 30318",Studio,Undisclosed,"$59,900",Undisclosed
275,"298 Joseph E Lowery Blvd NW, Atlanta, GA 30314",Studio,Undisclosed,"$110,000",Undisclosed
276,"1080 Peachtree St NE #1712, Atlanta, GA 30309",2bd,2ba,"$650,000","1,196 sqft"
277,"2630 Woodward Rd   S, Atlanta, GA 30349",3bd,2ba,"$250,000","1,464 sqft"
278,"1226 Greenwich St SW, Atlanta, GA 30310",3bd,2ba,"$499,900","1,849 sqft"
279,"1101 Juniper St NE #625, Atlanta, GA 30309",1bd,1ba,"$329,900",781 sqft
280,"3481 Lakeside Dr   NE #804, Atlanta, GA 30326",1bd,1ba,"$259,900",750 sqft
281,"3777 Peachtree Rd NE #305, Brookhaven, GA 30319",1bd,1ba,"$270,000",919 sqft
282,"6320 Riverside Dr NW, Sandy Springs, GA 30328",5bd,5ba,"$1,500,000","3,625 sqft (on 2.01 acres)"
283,"400 17th St   NW #2409, Atlanta, GA 30363",2bd,2ba,"$315,000","1,155 sqft"
284,"1738 Duke Rd, Atlanta, GA 30341",4bd,2ba,"$539,000",Undisclosed
285,"1933 Boulderview Dr SE, Atlanta, GA 30316",4bd,3ba,"$355,000","1,944 sqft (on 0.30 acres)"
286,"Ruskin Plan in Eloise at Grant Park - The Townhomes, Atlanta, GA 30312",3bd,4ba,"$757,995+","1,922 sqft"
287,"2644 Oakdale St NW, Atlanta, GA 30318",4bd,3ba,"$550,000","2,277 sqft"
288,"855 Fleetwood Cir  SW, Atlanta, GA 30311",3bd,3ba,"$625,000","2,400 sqft (on 0.27 acres)"
289,"5562 Windwood Rd, Atlanta, GA 30349",Studio,Undisclosed,"$335,000",Undisclosed
290,"1710 Wayland Cir  NE, Atlanta, GA 30319",Studio,Undisclosed,"$650,000",Undisclosed
291,"430 Lindbergh Dr   NE #K3, Atlanta, GA 30305",2bd,2ba,"$264,900","1,188 sqft"
292,"1585 Archer St SW, Atlanta, GA 30314",4bd,3ba,"$419,995","1,712 sqft"
293,"2212 Westover Dr, East Pt, GA 30344",3bd,1ba,"$315,000","1,228 sqft (on 0.37 acres)"
294,"3917 Bonnie Ln SE, Hapeville, GA 30354",4bd,2ba,"$219,000","1,339 sqft"
295,"1100 Osborne St SW, Atlanta, GA 30310",3bd,2ba,"$319,995","1,452 sqft"
296,"1080 Peachtree St NE #3312, Atlanta, GA 30309",2bd,2ba,"$710,000","1,196 sqft"
297,"3301 Buckhead Forest Mews NE, Atlanta, GA 30305",2bd,3ba,"$625,000",Undisclosed
298,"905 Fayetteville Rd, Atlanta, GA 30316",3bd,2ba,"$449,900","1,408 sqft (on 1.40 acres)"
299,"860 Peachtree St   NE #812, Atlanta, GA 30308",1bd,1ba,"$329,900",808 sqft
300,"1162 Oakland Ln SW, Atlanta, GA 30310",4bd,2ba,"$312,500","1,400 sqft"
301,"25 Larue Pl NW, Atlanta, GA 30327",2bd,3ba,"$285,000","1,300 sqft"
302,"4000 Admiral Dr, Chamblee, GA 30341",4bd,3ba,"$600,000","2,035 sqft (on 0.40 acres)"
303,"604 Brandywine Cir, Sandy Springs, GA 30350",3bd,3ba,"$344,995","2,126 sqft"
304,"Kerry Plan in The Villages at Oakshire, Atlanta, GA 30354",3bd,2ba,"$307,830+","1,475 sqft"
305,"725 Dalrymple Rd #3I, Atlanta, GA 30328",2bd,2ba,"$229,000","1,104 sqft"
306,"364 New Jersey Ave NW, Atlanta, GA 30314",4bd,2ba,"$372,900","1,600 sqft"
307,"30 Glenald Way NW, Atlanta, GA 30327",1bd,1ba,"$225,000",828 sqft
308,"5696 Sunlily Dr, Atlanta, GA 30349",4bd,3ba,"$375,000","1,835 sqft (on 0.30 acres)"
309,"4561 Olde Perimeter Way  #1510, Dunwoody, GA 30346",2bd,2ba,"$465,000","1,316 sqft"
310,"1382 Lockhaven Cir SW, Atlanta, GA 30311",3bd,2ba,"$359,000","1,200 sqft (on 0.53 acres)"
311,"658 S  Grand Ave NW, Atlanta, GA 30318",3bd,2ba,"$399,000","1,350 sqft"
312,"2713 Briarwood Blvd, East Pt, GA 30344",4bd,3ba,"$340,000","1,431 sqft (on 0.58 acres)"
313,"806 Cooper St SW, Atlanta, GA 30315",Studio,Undisclosed,"$160,000",Undisclosed
314,"1085 Osborne St SW, Atlanta, GA 30310",Studio,Undisclosed,"$69,900",Undisclosed
315,"Addison Plan in West Highlands, Atlanta, GA 30318",3bd,4ba,"$550,000+","1,984 sqft"
316,"JADYN Plan in Glen at Cascading Palms, Atlanta, GA 30331",5bd,3ba,"$451,990+","3,611 sqft"
317,"5380 Brooke Ridge Dr, Atlanta, GA 30338",5bd,5ba,"$700,000","3,656 sqft (on 0.50 acres)"
318,"2772 Veltre Pl SW, Atlanta, GA 30311",3bd,2ba,"$279,000","1,434 sqft (on 0.46 acres)"
319,"4555 Danforth Rd SW, Atlanta, GA 30331",3bd,2ba,"$300,000","1,648 sqft (on 0.60 acres)"
320,"2082 Wrights Mill Cir, Atlanta, GA 30324",4bd,4ba,"$799,999","3,514 sqft"
321,"5645 Cascade Pass, Atlanta, GA 30336",3bd,3ba,"$275,000","1,638 sqft"
322,"3445 Stratford Rd NE, Atlanta, GA 30326",1bd,1ba,"$350,000",Undisclosed
323,"2879 Salmon Ave  SE, Atlanta, GA 30317",Undisclosed,Undisclosed,"$140,000",Undisclosed
324,"1105 Pine Tree Trl, Atlanta, GA 30349",4bd,3ba,"$149,999","1,297 sqft"
325,"280 Estoria Street SE, Atlanta, GA 30316",3bd,4ba,"$695,000",Undisclosed
326,"Darby Plan in The Collection at East Lake, Atlanta, GA 30316",3bd,3ba,"$473,800+","1,926 sqft"
327,"2499 Peachtree Rd NE #407, Atlanta, GA 30305",2bd,2ba,"$300,000","1,399 sqft"
328,"Middleton 3B Plan in Zephyr, Atlanta, GA 30315",3bd,3ba,"$450,000+","1,369 sqft"
329,"1583 Stone Gate Ln   SE #1583, Atlanta, GA 30317",2bd,1ba,"$249,900",702 sqft
330,"6620 Bridgewood Valley Rd, Sandy Springs, GA 30328",5bd,6ba,"$2,195,000","5,253 sqft (on 0.59 acres)"
331,"344 Eureka Dr NE, Atlanta, GA 30305",3bd,2ba,"$610,000","1,294 sqft (on 0.25 acres)"
332,"1977 Wee Kirk Rd, Atlanta, GA 30316",3bd,2ba,"$305,000","1,300 sqft (on 0.30 acres)"
333,"Middleton 3B Plan in Dalston, Atlanta, GA 30342",3bd,3ba,"$511,000+","1,369 sqft"
334,"119 Whitefoord Ave  NE #A, Atlanta, GA 30307",4bd,4ba,"$725,000","2,366 sqft"
335,"1384 Emory Rd, Atlanta, GA 30306",5bd,4ba,"$740,000","2,558 sqft (on 0.60 acres)"
336,"563 Memorial Dr   SE #306, Atlanta, GA 30312",2bd,2ba,"$520,000","1,424 sqft"
337,"2175 Greencrest Dr, Atlanta, GA 30345",5bd,3ba,"$799,000","2,744 sqft (on 0.40 acres)"
338,"720 E  Powderhorn Rd   NE, Atlanta, GA 30342",3bd,2ba,"$740,000","2,006 sqft (on 0.41 acres)"
339,"3445 Stratford Rd   NE #3402, Atlanta, GA 30326",1bd,1ba,"$327,000",972 sqft
340,"2982 Ringle Rd, Chamblee, GA 30341",3bd,2ba,"$650,000","1,431 sqft"
341,"383 Grant Cir  SE #1623, Atlanta, GA 30315",2bd,2ba,"$549,900","1,406 sqft"
342,"1075 Peachtree Walk NE #A517, Atlanta, GA 30309",2bd,2ba,"$375,000","1,000 sqft"
343,"2852 Hawthorne Dr, Atlanta, GA 30345",6bd,6ba,"$1,295,000","5,900 sqft (on 0.50 acres)"
344,"809 Kennedy St NW, Atlanta, GA 30318",3bd,2ba,"$389,000","1,024 sqft"
345,"1181 Oglethorpe Ave, Atlanta, GA 30319",5bd,6ba,"$1,925,000","4,350 sqft"
346,"5929 Oak Rd, Doraville, GA 30340",2bd,1ba,"$259,900",928 sqft
347,"996 Forrest Cir SE, Atlanta, GA 30354",3bd,2ba,"$175,000","1,196 sqft (on 0.41 acres)"
348,"Riverview Plan in Riverline, Atlanta, GA 30318",3bd,4ba,"$500,000+","2,175 sqft"
349,"Hummingbird Plan in Park Vue, Atlanta, GA 30318",3bd,3ba,"$424,900+","1,362 sqft"
350,"1094 Mendell Cir  NE, Atlanta, GA 30319",3bd,3ba,"$925,000","2,899 sqft"
351,"3040 Peachtree Rd NW #1913, Atlanta, GA 30305",1bd,1ba,"$329,000",800 sqft
352,"295 Francyne Ct NE, Sandy Springs, GA 30328",3bd,3ba,"$510,000","2,375 sqft"
353,"2715 Piper Dr, Atlanta, GA 30331",5bd,3ba,"$414,290","2,511 sqft"
354,"515 Hancock Dr   SE, Atlanta, GA 30306",4bd,3ba,"$424,990","2,506 sqft"
355,"325 E  Paces Ferry Rd   NE #1107, Atlanta, GA 30305",1bd,1ba,"$290,000",874 sqft
356,"1677 S  Gordon St SW, Atlanta, GA 30310",3bd,2ba,"$612,500","1,138 sqft (on 0.26 acres)"
357,"837 Smith St   SW #B, Atlanta, GA 30310",2bd,2ba,"$248,000","1,050 sqft"
358,"1145 McDaniel St SW, Atlanta, GA 30310",Studio,Undisclosed,"$260,000",Undisclosed
359,"3410 Essex Ave, Atlanta, GA 30339",2bd,2ba,"$281,000","1,181 sqft"
