Address,Beds,Baths,Price,Square Foot
"522 Hancock Dr   SE, Atlanta, GA 30306",3bd,3ba,404990,2211
"1149 Tucker Pl SW, Atlanta, GA 30310",3bd,1ba,219900,1708
"795 Hammond Dr #704, Sandy Springs, GA 30328",1bd,1ba,179900,688
"421 Blackland Rd NW, Atlanta, GA 30342",7bd,12ba,15000000,17300
"4172 Ashwoody Trl, Atlanta, GA 30319",4bd,3ba,650000,2070
"1867 Myrtle Dr   SW #26, Atlanta, GA 30311",3bd,3ba,99900,1368
"1903 Roble Dr, Atlanta, GA 30349",5bd,3ba,315000,2580
"467 Burlington Rd, Atlanta, GA 30307",5bd,4ba,1298000,3912
"4772 Orange Dr   SW, Atlanta, GA 30331",4bd,3ba,415565,3021
"827 Flamingo Dr SW, Atlanta, GA 30311",Studio,Undisclosed,99000,Undisclosed
"3334 Peachtree Rd NE #904, Atlanta, GA 30326",1bd,1ba,270000,793
"146 Dahlgren St, Atlanta, GA 30317",3bd,2ba,695000,1974
"200 River Vista Dr #530, Sandy Springs, GA 30339",2bd,3ba,485000,1530
"855 W  Peachtree St   NE #3304, Atlanta, GA 30308",2bd,2ba,630000,1201
"542 Ralph McGill Blvd NE #7, Atlanta, GA 30312",1bd,1ba,375000,722
"1382 Lakewood Ave SE, Atlanta, GA 30315",3bd,3ba,525000,2459
"691 Catherine St SW, Atlanta, GA 30310",3bd,3ba,620000,1834
"1785 Cecilia Dr, Atlanta, GA 30316",3bd,2ba,320000,1548
"1185 N  Highland Ave NE, Atlanta, GA 30306",5bd,7ba,1985000,6498
"2791 Pearl St, Atlanta, GA 30344",2bd,1ba,275000,1104
"2276 Redwine Ave, College Park, GA 30337",Studio,Undisclosed,150000,Undisclosed
"570 Fitzgerald Pl, Atlanta, GA 30349",5bd,4ba,442000,2994
"4155 Flintlock Rd NW, Atlanta, GA 30327",6bd,7ba,1995000,4789
"3481 Lakeside Dr   NE #1702, Atlanta, GA 30326",2bd,2ba,365000,1230
"931 Martin Luther King Jr Dr   NW, Atlanta, GA 30314",Studio,Undisclosed,200000,Undisclosed
"2500 Peachtree Rd NW #508N, Atlanta, GA 30305",2bd,2ba,1200000,2338
"2503 Pine Tree Trl, Atlanta, GA 30349",3bd,3ba,160000,1466
"1280 W  Peachtree St   NW #1513, Atlanta, GA 30309",1bd,1ba,214999,625
"541 Westmeath Dr SW, Atlanta, GA 30310",2bd,1ba,225000,1095
"4237 Rickenbacker Way NE, Atlanta, GA 30342",2bd,2ba,624999,1450
"2605 Kimmeridge Dr, East Pt, GA 30344",3bd,2ba,500000,1801
"2743 Stewart Ct, Atlanta, GA 30340",3bd,3ba,600000,2457
"6160 Heards Creek Dr, Atlanta, GA 30328",6bd,7ba,1599900,5329
"2795 Peachtree Rd   NE #1402, Atlanta, GA 30305",2bd,3ba,799000,1794
"1238 Epworth St SW, Atlanta, GA 30310",4bd,3ba,599000,2103
"2184 Bonnavit Ct, Atlanta, GA 30345",5bd,3ba,665000,3196
"1261 Apple Valley Rd   NE #51, Atlanta, GA 30319",3bd,4ba,750000,3482
"3571 Tuxedo Park NW, Atlanta, GA 30305",4bd,6ba,4500000,5950
"1450 N  Riverside Cir, Sandy Springs, GA 30328",Studio,Undisclosed,475000,Undisclosed
"2875 Jerome Rd, College Park, GA 30349",3bd,3ba,224900,1068
"3820 Roswell Rd   NE #316, Atlanta, GA 30342",2bd,2ba,375000,1270
"4139 Township Pkwy, Sandy Springs, GA 30342",3bd,4ba,675000,2237
"Darwin Plan in The Villages at Oakshire, Atlanta, GA 30354",3bd,3ba,326940,1749
"5625 Windwood Rd, Atlanta, GA 30349",3bd,3ba,155000,1254
"960 Katherwood Dr SW, Atlanta, GA 30310",2bd,1ba,300000,1172
"266 Hamilton E Holmes Dr NW, Atlanta, GA 30318",3bd,2ba,329000,1056
"2236 Fairway Cir SW, Atlanta, GA 30331",3bd,3ba,125000,1072
"522 Hancock Dr   SE #9, Atlanta, GA 30306",3bd,3ba,404990,2211
"570 Fitzgerald Pl   S, Atlanta, GA 30349",5bd,4ba,442000,2994
"3481 Lakeside Dr   NE #1703, Atlanta, GA 30326",2bd,2ba,365000,1230
"1114 Highland Bluff Dr   SE #114, Atlanta, GA 30339",2bd,2ba,294900,1224
"41 Atlanta Ave SE, Atlanta, GA 30315",3bd,3ba,500000,1813
"5905 El Segundo Way, Atlanta, GA 30349",3bd,3ba,335000,1786
"750 Park Ave  NE #37E, Atlanta, GA 30326",2bd,3ba,1499000,2483
"Ansley Plan in Beckham Place at Morningside, Atlanta, GA 30310",3bd,4ba,691995,1768
"4774 Orange Dr   SW, Atlanta, GA 30331",5bd,4ba,437185,3021
"4780 Orange Dr   SW, Atlanta, GA 30331",4bd,3ba,418565,3021
"3475 Roxboro Rd NE #3, Atlanta, GA 30326",4bd,5ba,899000,2924
"2493 Ridgewood Rd NW, Atlanta, GA 30318",5bd,5ba,1895000,6100
"686 Virginia Ave NE, Atlanta, GA 30306",3bd,2ba,875000,1814
"1136 Westchester Rdg, Atlanta, GA 30329",1bd,1ba,235000,690
"925 Riverside Trce, Sandy Springs, GA 30328",5bd,4ba,1300000,5309
"2233 Peachtree Rd NE #1201, Atlanta, GA 30309",2bd,3ba,875000,1940
"970 Sidney Marcus Blvd NE #2111, Atlanta, GA 30324",1bd,1ba,215000,840
"153 Maribeau Sq NW, Atlanta, GA 30327",4bd,3ba,510000,2499
"3770 Peachtree Rd Plan in Ladisic Fine Homes, Atlanta, GA 30305",4bd,5ba,3750000,6157
"27 Stillman St SE, Atlanta, GA 30315",3bd,3ba,339900,1591
"4016 Lake Manor Way, Atlanta, GA 30349",4bd,3ba,415000,2453
"1142 Indale Pl SW, Atlanta, GA 30310",2bd,2ba,219000,1396
"3534 Rockhaven Cir NE, Atlanta, GA 30324",Studio,Undisclosed,565000,Undisclosed
"1690 W  Paces Ferry Rd NW, Atlanta, GA 30327",8bd,12ba,14900000,22557
"520 Reunion Ct SW, Atlanta, GA 30331",7bd,6ba,465000,2974
"1680 Westwood Ave SW, Atlanta, GA 30310",3bd,1ba,420000,1624
"672 Providence Pl   SW, Atlanta, GA 30331",4bd,4ba,295000,1685
"2531 Bridlewood Ln SE #15, Atlanta, GA 30339",3bd,4ba,429900,1875
"1202 Key Rd   SE, Atlanta, GA 30316",3bd,2ba,275000,1032
"925 Sims St SW, Atlanta, GA 30310",3bd,3ba,345000,Undisclosed
"1280 Nash Rd NW, Atlanta, GA 30331",3bd,2ba,349000,1815
"377 Parducci Trl  S, Atlanta, GA 30349",4bd,3ba,394900,2746
"1005 Lindbergh Dr NE, Atlanta, GA 30324",3bd,1ba,375000,1136
"1280 W  Peachtree St   NW #1103, Atlanta, GA 30309",1bd,1ba,215000,772
"Cosmos Plan in Aviary Park, Atlanta, GA 30311",3bd,3ba,281900,1421
"1191 Arlington Ave SW, Atlanta, GA 30310",4bd,2ba,185000,1343
"3231 Amhurst Dr NW, Atlanta, GA 30318",3bd,3ba,400000,1321
"23 Stillman St SE, Atlanta, GA 30315",3bd,2ba,285000,Undisclosed
"2050 Forrest Park Rd SE, Atlanta, GA 30315",3bd,1ba,134000,1850
"1869 Spring Ave NW, Atlanta, GA 30318",2bd,1ba,450000,837
"955 Juniper St NE #3028, Atlanta, GA 30309",1bd,1ba,284900,715
"3665 Chestnut Dr   #D1, Atlanta, GA 30340",2bd,1ba,185000,957
"4929 Rapahoe Trl  #15, Atlanta, GA 30349",4bd,3ba,359000,1861
"6753 Prelude Dr   #216, Atlanta, GA 30328",3bd,4ba,760000,2258
"6765 Prelude Dr   #214, Atlanta, GA 30328",3bd,4ba,762040,2258
"Townhouse 9 Plan in Downing Park, Atlanta, GA 30307",3bd,4ba,1450000,3006
"1841 E  Farris Ave, East Pt, GA 30344",3bd,2ba,320000,1200
"Winn Plan in Beckham Place at Morningside, Atlanta, GA 30310",3bd,4ba,752995,2044
"1671 Cecile Ave, Atlanta, GA 30316",4bd,2ba,645000,1998
"Braden Plan in Anatole, Atlanta, GA 30331",3bd,3ba,296000,1463
"2997 Semmes St, East Pt, GA 30344",3bd,2ba,235000,1244
"214 Maple Pl NW, Atlanta, GA 30314",Studio,Undisclosed,125000,Undisclosed
"Type A Plan in Hollywood and Main II, Atlanta, GA 30318",3bd,4ba,490000,1792
"400 17th St NW #1334, Atlanta, GA 30363",3bd,3ba,359900,1500
"874 Plainville Pl SW, Atlanta, GA 30331",4bd,2ba,289000,Undisclosed
"1835 Broad Ave, East Pt, GA 30344",3bd,3ba,275000,1211
"300 W  Peachtree St   NE #12, Atlanta, GA 30308",1bd,1ba,235000,628
"681 Ira St SW, Atlanta, GA 30310",3bd,1ba,170000,1200
"2300 Peachford Rd #1202, Atlanta, GA 30338",2bd,2ba,400000,1396
"Welkin 2B Plan in Stein Steel, Atlanta, GA 30316",2bd,3ba,616000,1343
"Townhouse 2 Plan in Downing Park, Atlanta, GA 30307",4bd,5ba,1700000,3535
"1239 Stoneham Ct, Atlanta, GA 30349",5bd,2ba,274900,Undisclosed
"790 Knox Dr SE, Atlanta, GA 30315",3bd,3ba,449900,1456
"Maxwell Plan in Zephyr, Atlanta, GA 30315",2bd,2ba,410000,1171
"1385 Campbellton Rd SW, Atlanta, GA 30310",3bd,2ba,299000,1140
"1197 Fayetteville Rd, Atlanta, GA 30316",3bd,2ba,245000,1952
"Annalise Plan in Anatole, Atlanta, GA 30331",3bd,3ba,301000,1580
"195 Beverly Rd NE, Atlanta, GA 30309",3bd,3ba,1549000,Undisclosed
"1101 Collier Rd   NW #A8, Atlanta, GA 30318",2bd,2ba,288000,1020
"Bellamy Plan in Park Vue, Atlanta, GA 30318",2bd,3ba,459710,1590
"1051 Thomasville Estate Way, Atlanta, GA 30315",3bd,3ba,329990,1800
"1074 Peachtree Walk NE #310, Atlanta, GA 30309",1bd,1ba,264900,720
"1697 Chateau Dr, Atlanta, GA 30338",5bd,4ba,635000,3375
"Robie Plan in The Villages at Oakshire, Atlanta, GA 30354",5bd,3ba,352500,2361
"1867 Jan Hill Ln, Atlanta, GA 30329",3bd,2ba,565000,1429
"860 Peachtree St   NE #1016, Atlanta, GA 30308",1bd,1ba,320000,606
"879 Sims St SW, Atlanta, GA 30310",Studio,Undisclosed,79900,Undisclosed
"1335 Parc Bench Rd   #19, Atlanta, GA 30349",3bd,3ba,414900,1465
"1337 Parc Bench Rd   #20, Atlanta, GA 30349",3bd,3ba,404900,1465
"HALTON Plan in Glen at Cascading Palms, Atlanta, GA 30331",5bd,3ba,431990,3209
"71 Lucy St   SE #3, Atlanta, GA 30312",4bd,5ba,849999,2645
"4038 Tilly Mill Rd, Atlanta, GA 30360",4bd,2ba,529000,2842
"425 Chapel St   SW #2302, Atlanta, GA 30313",2bd,2ba,275000,1196
"1585 Woodland Ave SE, Atlanta, GA 30315",5bd,3ba,579000,Undisclosed
"Manor Home 2 Plan in Downing Park, Atlanta, GA 30307",6bd,7ba,2350000,4495
"Addison Plan in Dalston, Atlanta, GA 30342",2bd,3ba,550000,1341
"180 Smithdun Ln, Sandy Springs, GA 30350",4bd,4ba,745000,2855
"3113 Lenox Rd   NE #5, Atlanta, GA 30324",3bd,4ba,800000,3300
"Lindsey Plan in Zephyr, Atlanta, GA 30315",3bd,3ba,492000,1500
"2249 Leicester Way SE, Atlanta, GA 30316",3bd,3ba,325000,1548
"5925 Mallory Rd, Atlanta, GA 30349",2bd,2ba,169900,960
"880 Oakhill Ave SW, Atlanta, GA 30310",3bd,3ba,440000,1600
"1365 Custer Way SE, Atlanta, GA 30316",4bd,4ba,730000,3576
"809 Peachtree Battle Ave NW, Atlanta, GA 30327",4bd,5ba,2350000,5105
"1351 Paces Forest Dr NW, Atlanta, GA 30327",6bd,6ba,1375000,5850
"3227 Jackson St, Hapeville, GA 30354",3bd,3ba,460000,1800
"6585 Commonwood Pl, Atlanta, GA 30349",5bd,3ba,278000,2312
"2226 Bigwood Trl, Atlanta, GA 30349",2bd,3ba,215000,1544
"3117 Mabry Rd, Atlanta, GA 30319",3bd,2ba,1100000,1343
"1403 Vesta Ter, Atlanta, GA 30344",Studio,Undisclosed,450000,Undisclosed
"924 Virginia Ave NE, Atlanta, GA 30306",3bd,2ba,724900,1826
"Ruskin Plan in Eloise at Grant Park - The Townhomes, Atlanta, GA 30312",3bd,4ba,757995,1922
"3070 Harold Ave, Atlanta, GA 30316",Studio,Undisclosed,62000,Undisclosed
"1982 Baker Rd NW, Atlanta, GA 30318",3bd,3ba,414900,1540
"1282 Longreen Ter  #121, Atlanta, GA 30318",2bd,2ba,441417,1070
"2782 Rangewood Dr, Atlanta, GA 30345",5bd,4ba,865000,4950
"2109 River Green Dr NW, Atlanta, GA 30327",1bd,1ba,225000,820
"1375 Elizabeth Ln, East Pt, GA 30344",3bd,1ba,320000,1272
"166 Chestnut St   #74, Atlanta, GA 30354",2bd,2ba,554260,1200
"87 Peachtree St SW #506, Atlanta, GA 30303",1bd,1ba,239500,1256
"812 Flat Shoals Way, Atlanta, GA 30316",2bd,2ba,400000,Undisclosed
"1113 Cordova St SW, Atlanta, GA 30310",Studio,Undisclosed,95000,Undisclosed
"2951 W  Roxboro Rd NE, Atlanta, GA 30324",6bd,7ba,2225000,6494
"2232 Dunseath Ave NW #412, Atlanta, GA 30318",2bd,2ba,250000,950
"Ashby Plan in Reverie on Cumberland, Atlanta, GA 30339",2bd,3ba,623040,1873
"Cooper Plan in Reverie on Cumberland, Atlanta, GA 30339",4bd,4ba,719370,2470
"324 8th St NE, Atlanta, GA 30309",6bd,6ba,1995000,5040
"2475 Sycamore Rd   NW, Atlanta, GA 30318",3bd,4ba,529900,2175
"2485 Sycamore Rd, Atlanta, GA 30318",3bd,4ba,529900,2175
"2488 Sycamore Rd, Atlanta, GA 30318",3bd,4ba,554900,2175
"2487 Sycamore Rd, Atlanta, GA 30318",3bd,4ba,529900,2175
"2491 Sycamore Rd, Atlanta, GA 30318",3bd,4ba,539900,2175
"1165 Chantilly Rdg  NE, Atlanta, GA 30324",4bd,4ba,725000,2915
"915 Smith St SW, Atlanta, GA 30310",2bd,2ba,255000,910
"70 Sheridan Dr   NE #7, Atlanta, GA 30305",1bd,1ba,229900,485
"400 W  Peachtree St   NW #3801, Atlanta, GA 30308",2bd,2ba,550000,1380
"260 18th St   NW #10315, Atlanta, GA 30363",2bd,2ba,434900,1372
"Addison Plan in West Highlands, Atlanta, GA 30318",3bd,4ba,550000,1984
"250 Pharr Rd #1307, Atlanta, GA 30305",1bd,1ba,275000,762
"5295 Orange Dr SW, Atlanta, GA 30331",4bd,3ba,357000,1606
"226 Polar Rock Rd SW, Atlanta, GA 30315",3bd,2ba,321000,1942
"112 Rogers St   NE #302, Atlanta, GA 30317",1bd,1ba,214900,441
"795 Hammond Dr #1808, Sandy Springs, GA 30328",1bd,1ba,218000,769
"316 Glenn St SW, Atlanta, GA 30312",2bd,3ba,250000,992
"1039 Division St   NW #30, Atlanta, GA 30314",3bd,5ba,768758,2373
"3177 Clairwood Ter, Atlanta, GA 30341",2bd,1ba,449900,1068
"Hutton Plan in Easton, Atlanta, GA 30318",3bd,3ba,590990,2349
"1273 Longreen Ter  #6, Atlanta, GA 30318",1bd,1ba,310227,640
"3208 N  Fulton Ave, Hapeville, GA 30354",3bd,2ba,280000,1196
"300 W  Peachtree St   NW #4B, Atlanta, GA 30308",1bd,1ba,205000,621
"353 Mary St SW, Atlanta, GA 30310",2bd,2ba,321900,975
"2825 Gresham Rd, Atlanta, GA 30316",3bd,1ba,250000,984
"149 Walnut St SW, Atlanta, GA 30314",6bd,2ba,400000,2244
"795 Hammond Dr #1701, Sandy Springs, GA 30328",2bd,1ba,245000,975
"3994 Wolcott Cir, Doraville, GA 30340",2bd,3ba,257500,1160
"2255 Peachtree Rd NE #420, Atlanta, GA 30309",2bd,2ba,350000,1030
"3777 Peachtree Rd   NE #1128, Atlanta, GA 30319",1bd,1ba,250000,919
"1851 Dunlap Ave, East Pt, GA 30344",3bd,2ba,349000,1482
"2998 Memorial Dr, Atlanta, GA 30317",2bd,1ba,319000,977
"3300 Dogwood Dr   #312, Hapeville, GA 30354",2bd,2ba,225000,1295
"374 Oak Dr SE, Atlanta, GA 30354",3bd,2ba,304900,1014
"1461 Hawthorne Way, East Pt, GA 30344",3bd,1ba,80000,1254
"854 Bonneville Ter NW, Atlanta, GA 30331",3bd,3ba,245000,1150
"300 W  Peachtree St   NW #22L, Atlanta, GA 30308",1bd,1ba,255000,609
"870 Mayson Turner Rd   NW #1239, Atlanta, GA 30314",1bd,1ba,140000,768
"2921 Lenox Rd   NE #402, Atlanta, GA 30324",2bd,2ba,354000,1270
"976 Silverwood Dr, Atlanta, GA 30349",3bd,2ba,269900,2176
"170 Boulevard SE #E209, Atlanta, GA 30312",2bd,2ba,575000,1858
"1372 McClelland Ave, Atlanta, GA 30344",3bd,2ba,219999,1180
"1689 Derry Ave SW, Atlanta, GA 30310",4bd,4ba,535888,2425
"4030 Stonewall Tell Rd, Atlanta, GA 30349",4bd,2ba,295000,1404
"4834 Neal Rdg, Atlanta, GA 30349",5bd,4ba,825000,5189
"798 Saint Charles Ave  NE #4, Atlanta, GA 30306",1bd,1ba,245000,635
"2324 Parkview Cir, College Park, GA 30337",3bd,2ba,325000,1520
"237 Fairburn Rd, Atlanta, GA 30331",4bd,2ba,60000,Undisclosed
"405 Fairburn Rd   SW #80, Atlanta, GA 30331",2bd,1ba,40000,Undisclosed
"405 Fairburn Rd   SW #222, Atlanta, GA 30331",2bd,1ba,50000,Undisclosed
"3869 Longview Dr, Atlanta, GA 30341",3bd,2ba,450000,1241
"1412 Beatie Ave SW, Atlanta, GA 30310",3bd,2ba,449999,1459
"2587 Hightower Ct NW, Atlanta, GA 30318",4bd,3ba,247500,988
"1194 Mansfield Ave, Atlanta, GA 30307",4bd,3ba,899000,2472
"3091 Colonial Way  #A3, Atlanta, GA 30341",2bd,2ba,264900,1032
"Corban Plan in The Collection at East Lake, Atlanta, GA 30316",3bd,3ba,475200,1978
"HAYDEN Plan in Glen at Cascading Palms, Atlanta, GA 30331",5bd,3ba,403990,2511
"2210 Pansy St NW, Atlanta, GA 30314",3bd,3ba,279000,1288
"4110 Robin Cir, Atlanta, GA 30349",3bd,3ba,265000,2264
"3303 Woodwalk Dr   SE #17, Atlanta, GA 30339",3bd,4ba,599900,3710
"2226 Bigwood Trl  S, Atlanta, GA 30349",2bd,3ba,215000,1544
"400 W  Peachtree St   NW #705, Atlanta, GA 30308",1bd,1ba,279000,743
"986 Linam St SE, Atlanta, GA 30315",4bd,4ba,779900,2228
"800 Peachtree St   NE #102, Atlanta, GA 30308",1bd,1ba,289000,832
"Bellamy Plan in Reverie on Cumberland, Atlanta, GA 30339",2bd,3ba,464900,1590
"411 9th St NE, Atlanta, GA 30309",5bd,5ba,2395000,4000
"1097 Robert Smalls Way, Atlanta, GA 30318",3bd,4ba,662900,2294
"783 Charles Allen Dr NE, Atlanta, GA 30308",5bd,4ba,925000,2462
"3633 Tuxedo Rd NW, Atlanta, GA 30305",5bd,9ba,4500000,9993
"499 Johnson Ferry Rd NW, Sandy Springs, GA 30328",5bd,6ba,2200000,4939
"2733 Caldwell Rd, Atlanta, GA 30319",6bd,6ba,1399900,5812
"Riverview Plan in Riverline, Atlanta, GA 30318",3bd,4ba,500000,2175
"1722 Faulkland Ave, Atlanta, GA 30329",3bd,4ba,580000,2200
"6177 Stonelake Dr SW, Atlanta, GA 30331",5bd,4ba,465000,3451
"2884 Cravey Dr   NE, Atlanta, GA 30345",6bd,5ba,925000,4200
"1831 Dunlap Ave, East Pt, GA 30344",3bd,2ba,349900,Undisclosed
"1118 Hawthorne St NE, Atlanta, GA 30307",5bd,3ba,699000,2432
"2276 Sargent Pl   SE, Atlanta, GA 30315",Studio,Undisclosed,75000,Undisclosed
"496 Park Valley Dr NW, Atlanta, GA 30318",3bd,1ba,174900,828
"3579 Castlegate Dr NW, Atlanta, GA 30327",4bd,5ba,2775000,5582
"507 Carter Ave SE, Atlanta, GA 30317",4bd,3ba,675000,2384
"958 Wylie St SE, Atlanta, GA 30316",4bd,3ba,949900,2304
"353 Collier Ridge Dr NW, Atlanta, GA 30318",3bd,2ba,359900,1450
"1063 Smith St SW, Atlanta, GA 30310",3bd,2ba,400000,1509
"2554 Boulder Hill Ct, Atlanta, GA 30316",4bd,3ba,439000,1544
"675 Greenwood Ave NE #108, Atlanta, GA 30306",2bd,3ba,675000,1686
"625 Piedmont Ave  NE #2025, Atlanta, GA 30308",1bd,1ba,395000,916
"1485 Harts Mill Rd, Atlanta, GA 30319",4bd,4ba,1095000,3155
"Brycen Plan in Park Vue, Atlanta, GA 30318",2bd,3ba,453955,1569
"3397 Rockhaven Cir NE, Atlanta, GA 30324",3bd,2ba,660000,1690
"1111 Clifton Rd   NE, Atlanta, GA 30307",6bd,4ba,1375000,4057
"1619 Sylvan Rd SW, Atlanta, GA 30310",4bd,2ba,490000,1821
"3623 Princeton Ave, College Park, GA 30337",3bd,4ba,410000,1520
"779 N  Elizabeth Pl NW, Atlanta, GA 30318",3bd,2ba,345900,1600
"735 Elkmont Dr NE, Atlanta, GA 30306",4bd,4ba,1499900,3106
"1059 Claudette Colvin Ct, Atlanta, GA 30318",3bd,4ba,672900,2294
"1095 Robert Smalls Way, Atlanta, GA 30318",3bd,4ba,662900,2294
"1055 Claudette Colvin Ct, Atlanta, GA 30318",3bd,4ba,672900,2294
"1057 Claudette Colvin Ct, Atlanta, GA 30318",3bd,4ba,652900,2294
"855 Peachtree St   NE #2807, Atlanta, GA 30308",2bd,3ba,529000,1184
"1977 Clairmont Ter, Atlanta, GA 30345",3bd,4ba,825000,3598
"390 17th St NW #2001, Atlanta, GA 30363",2bd,2ba,299900,1166
"4094 N  Shallowford Rd, Atlanta, GA 30341",4bd,3ba,499900,2288
"1057 Shepherds Ln, Atlanta, GA 30324",5bd,4ba,935000,3600
"Belhaven Plan in The Villages at Oakshire, Atlanta, GA 30354",4bd,3ba,335430,1991
"B6C Plan in J5, Atlanta, GA 30308",2bd,2ba,799900,1634
"375 Highland Ave  NE #303, Atlanta, GA 30312",3bd,3ba,435000,1478
"2615 Jefferson Ter, Atlanta, GA 30344",2bd,2ba,349500,1777
"1549 Brooksbank Dr, Atlanta, GA 30319",4bd,4ba,675000,2602
"1106 Briar Cove Cir, Atlanta, GA 30329",5bd,4ba,875000,2870
"2673 Dodson Ter SW, Atlanta, GA 30311",4bd,2ba,265000,1102
"50 Ormond St SW, Atlanta, GA 30315",4bd,3ba,557000,Undisclosed
"270 17th St NW #1104, Atlanta, GA 30363",2bd,3ba,599900,1744
"Lela Plan in Eloise at Grant Park - The Townhomes, Atlanta, GA 30312",2bd,3ba,554995,1534
"1300 Memorial Dr   SE #14, Atlanta, GA 30317",3bd,4ba,640000,2382
"2923 Two Lake Cir, College Park, GA 30349",3bd,3ba,240000,1225
"6580 Bellburn Rd, Atlanta, GA 30349",5bd,3ba,355900,2045
"1103 Leah Ln, Atlanta, GA 30316",3bd,3ba,550000,2040
"3982 Lake Manor Way, Atlanta, GA 30349",3bd,3ba,400000,2243
"641 Hamilton E Holmes Dr NW, Atlanta, GA 30318",3bd,2ba,170000,1155
"943 Peachtree Rd #1105, Atlanta, GA 30309",1bd,1ba,289000,754
"900 Coleman St   SW, Atlanta, GA 30310",4bd,3ba,550000,1900
"5522 Denny Dr, Atlanta, GA 30349",5bd,2ba,349900,1320
"391 Mount Zion Rd   SW, Atlanta, GA 30354",5bd,2ba,275000,2048
"1545 Pineview Ter SW, Atlanta, GA 30311",2bd,1ba,275000,1287
"70 Chappell Rd NW, Atlanta, GA 30314",5bd,3ba,439900,2160
"1696 Westwood Ave SW, Atlanta, GA 30310",4bd,3ba,635000,2400
"5222 Brooke Ridge Dr, Atlanta, GA 30338",2bd,2ba,469000,1645
"1777 Maple Walk Cir SW, Atlanta, GA 30315",3bd,3ba,370000,1966
"814 Humphries St SW, Atlanta, GA 30310",3bd,2ba,380000,1161
"1471 Hardin Ave, College Park, GA 30337",3bd,2ba,369900,1314
"451 Holly St NW, Atlanta, GA 30318",3bd,2ba,335000,1371
"738 Highland Ave NE, Atlanta, GA 30312",3bd,2ba,625000,1863
"452 Rockwell St SW, Atlanta, GA 30310",4bd,4ba,585000,2980
"626 Elmwood Dr NE, Atlanta, GA 30306",3bd,2ba,1095000,1914
"809 North Ave, Hapeville, GA 30354",6bd,3ba,450000,Undisclosed
"1029 Piedmont Ave NE #207, Atlanta, GA 30309",1bd,1ba,300000,852
"33 Mildred Pl NW, Atlanta, GA 30318",Studio,Undisclosed,84900,Undisclosed
"1016 Ada Ave NW, Atlanta, GA 30318",Studio,Undisclosed,35000,Undisclosed
"2828 Peachtree Rd NE #2802, Atlanta, GA 30305",2bd,2ba,550000,1371
"6851 Roswell Rd   #Q20, Atlanta, GA 30328",3bd,2ba,280000,1469
"180 Glenrose Cir SW, Atlanta, GA 30354",4bd,2ba,305000,850
"1410 Foxhall Ln   SE #5, Atlanta, GA 30316",3bd,2ba,164900,990
"388 Princeton Way, Atlanta, GA 30307",3bd,2ba,750000,1839
"Addison Basement Plan in Stein Steel, Atlanta, GA 30316",2bd,3ba,595000,1341
"5B Plan in 40 West 12th, Atlanta, GA 30309",3bd,3ba,1942101,2547
"112 Arcadia Cir NW, Atlanta, GA 30314",Studio,Undisclosed,65000,Undisclosed
"3619 Keswick Dr, Atlanta, GA 30341",5bd,7ba,1750000,6093
"GALEN Plan in Glen at Cascading Palms, Atlanta, GA 30331",4bd,3ba,392990,2340
"1460 Hartford Ave SW, Atlanta, GA 30310",3bd,3ba,310000,2662
"140 Mount Zion Rd   SE #8, Atlanta, GA 30354",2bd,1ba,65000,Undisclosed
"3667 Peachtree Rd   NE #9, Atlanta, GA 30319",3bd,4ba,849000,2495
"3667 Peachtree Rd   NE #8, Atlanta, GA 30319",3bd,4ba,875000,2495
"2 Bedroom ; 2 Bathroom Plan in Moreland Walk, Atlanta, GA 30316",2bd,2ba,339000,1105
"10 Perimeter Summit Blvd NE #4203, Atlanta, GA 30319",2bd,2ba,269900,1017
"401 Beverly Rd NE, Atlanta, GA 30309",4bd,4ba,1999000,4132
"1834 Gotham Way  NE #31, Atlanta, GA 30324",4bd,4ba,832767,2046
"3445 Stratford Rd   NE #2703, Atlanta, GA 30326",1bd,1ba,350000,1303
"2044 Groveglen Ct, Atlanta, GA 30345",6bd,5ba,1099000,5750
"1007 Palmetto Ave SW, Atlanta, GA 30314",2bd,1ba,160000,1182
"Cabral Plan in The Villages at Oakshire, Atlanta, GA 30354",3bd,3ba,323950,1634
"1001 Bergeron Pl, Sandy Springs, GA 30328",4bd,4ba,599999,2829
"665 Brookline St SW, Atlanta, GA 30310",3bd,2ba,575000,1765
"813 Sherwood Rd NE, Atlanta, GA 30324",5bd,5ba,2195000,5224
"1104 Riverbend Club Dr SE, Atlanta, GA 30339",2bd,3ba,475000,1352
"2879 Salmon Ave  SE, Atlanta, GA 30317",Studio,Undisclosed,140000,Undisclosed
"1585 Archer St SW, Atlanta, GA 30314",4bd,3ba,419995,1712
"1162 Oakland Ln SW, Atlanta, GA 30310",4bd,2ba,312500,1400
"400 17th St   NW #2409, Atlanta, GA 30363",2bd,2ba,315000,1155
"218 Marion Pl, Atlanta, GA 30307",3bd,4ba,595000,2227
"248 Spalding Gates Dr, Sandy Springs, GA 30328",3bd,3ba,500000,2797
"4452 Dalston Dr   #4, Atlanta, GA 30342",3bd,3ba,543694,1370
"2782 Mango Cir NW, Atlanta, GA 30318",Studio,Undisclosed,59900,Undisclosed
"298 Joseph E Lowery Blvd NW, Atlanta, GA 30314",Studio,Undisclosed,110000,Undisclosed
"1080 Peachtree St NE #1712, Atlanta, GA 30309",2bd,2ba,650000,1196
"3777 Peachtree Rd NE #305, Brookhaven, GA 30319",1bd,1ba,270000,919
"D5 Plan in Atlantic, Atlanta, GA 30363",2bd,3ba,750000,2135
"1226 Greenwich St SW, Atlanta, GA 30310",3bd,2ba,499900,1849
"1101 Juniper St NE #625, Atlanta, GA 30309",1bd,1ba,329900,781
"4000 Admiral Dr, Chamblee, GA 30341",4bd,3ba,550000,2035
"3481 Lakeside Dr   NE #804, Atlanta, GA 30326",1bd,1ba,259900,750
"2824 Tupelo St, Atlanta, GA 30317",4bd,3ba,849900,2327
"280 Estoria St   SE, Atlanta, GA 30316",3bd,4ba,695000,2130
"4561 Olde Perimeter Way  #1510, Dunwoody, GA 30346",2bd,2ba,465000,1316
"1738 Duke Rd, Atlanta, GA 30341",4bd,2ba,539000,Undisclosed
"1933 Boulderview Dr SE, Atlanta, GA 30316",4bd,3ba,355000,1944
"2630 Woodward Rd   S, Atlanta, GA 30349",3bd,2ba,250000,1464
"198 Ponce De Leon Ave  NE #2A, Atlanta, GA 30308",2bd,1ba,285000,910
"1382 Lockhaven Cir SW, Atlanta, GA 30311",3bd,2ba,359000,1200
"855 Fleetwood Cir  SW, Atlanta, GA 30311",3bd,3ba,625000,2400
"5562 Windwood Rd, Atlanta, GA 30349",Studio,Undisclosed,335000,Undisclosed
"430 Lindbergh Dr   NE #K3, Atlanta, GA 30305",2bd,2ba,264900,1188
"2212 Westover Dr, East Pt, GA 30344",3bd,1ba,315000,1228
"3917 Bonnie Ln SE, Hapeville, GA 30354",4bd,2ba,219000,1339
"1100 Osborne St SW, Atlanta, GA 30310",3bd,2ba,319995,1452
"1080 Peachtree St NE #3312, Atlanta, GA 30309",2bd,2ba,710000,1196
"905 Fayetteville Rd, Atlanta, GA 30316",3bd,2ba,449900,1408
"604 Brandywine Cir, Sandy Springs, GA 30350",3bd,3ba,344995,2126
"Kerry Plan in The Villages at Oakshire, Atlanta, GA 30354",3bd,2ba,307830,1475
"Avery Plan in Ten29 West, Atlanta, GA 30318",3bd,4ba,700000,2294
"2392 Jefferson Ter, East Pt, GA 30344",3bd,1ba,254000,1008
"725 Dalrymple Rd #3I, Atlanta, GA 30328",2bd,2ba,229000,1104
"364 New Jersey Ave NW, Atlanta, GA 30314",4bd,2ba,372900,1600
"5696 Sunlily Dr, Atlanta, GA 30349",4bd,3ba,375000,1835
"658 S  Grand Ave NW, Atlanta, GA 30318",3bd,2ba,399000,1350
"2713 Briarwood Blvd, East Pt, GA 30344",4bd,3ba,340000,1431
"B6 Plan in J5, Atlanta, GA 30308",2bd,2ba,684900,1345
"806 Cooper St SW, Atlanta, GA 30315",Studio,Undisclosed,160000,Undisclosed
"1085 Osborne St SW, Atlanta, GA 30310",Studio,Undisclosed,69900,Undisclosed
"JADYN Plan in Glen at Cascading Palms, Atlanta, GA 30331",5bd,3ba,451990,3611
"S1 Plan in 788 West Midtown, Atlanta, GA 30318",Studio,1ba,290900,616
"2772 Veltre Pl SW, Atlanta, GA 30311",3bd,2ba,279000,1434
"4555 Danforth Rd SW, Atlanta, GA 30331",3bd,2ba,300000,1648
"2082 Wrights Mill Cir, Atlanta, GA 30324",4bd,4ba,799999,3514
"5645 Cascade Pass, Atlanta, GA 30336",3bd,3ba,275000,1638
"3445 Stratford Rd NE, Atlanta, GA 30326",1bd,1ba,350000,Undisclosed
"1105 Pine Tree Trl, Atlanta, GA 30349",4bd,3ba,149999,1297
"6C Plan in 40 West 12th, Atlanta, GA 30309",4bd,4ba,1982904,2537
"607 Enterkin Ct, South Fulton, GA 30349",4bd,3ba,350000,2278
"Darby Plan in The Collection at East Lake, Atlanta, GA 30316",3bd,3ba,473800,1926
"2499 Peachtree Rd NE #407, Atlanta, GA 30305",2bd,2ba,300000,1399
"Middleton 3B Plan in Zephyr, Atlanta, GA 30315",3bd,3ba,450000,1369
"1583 Stone Gate Ln   SE #1583, Atlanta, GA 30317",2bd,1ba,249900,702
"6620 Bridgewood Valley Rd, Sandy Springs, GA 30328",5bd,6ba,2195000,5253
"344 Eureka Dr NE, Atlanta, GA 30305",3bd,2ba,610000,1294
"1977 Wee Kirk Rd, Atlanta, GA 30316",3bd,2ba,305000,1300
"Middleton 3B Plan in Dalston, Atlanta, GA 30342",3bd,3ba,511000,1369
"Briarcliff Plan in Altus at The Quarter, Atlanta, GA 30318",2bd,3ba,557990,2092
"1384 Emory Rd, Atlanta, GA 30306",5bd,4ba,740000,2558
"563 Memorial Dr   SE #306, Atlanta, GA 30312",2bd,2ba,520000,1424
"2982 Ringle Rd, Chamblee, GA 30341",3bd,2ba,650000,1431
"3835 Collier Dr NW, Atlanta, GA 30331",Studio,Undisclosed,65000,Undisclosed
"809 Kennedy St NW, Atlanta, GA 30318",3bd,2ba,389000,1024
"2852 Hawthorne Dr, Atlanta, GA 30345",6bd,6ba,1295000,5900
"1181 Oglethorpe Ave, Atlanta, GA 30319",5bd,6ba,1925000,4350
"5929 Oak Rd, Doraville, GA 30340",2bd,1ba,259900,928
"996 Forrest Cir SE, Atlanta, GA 30354",3bd,2ba,175000,1196
"383 Grant Cir  SE #1623, Atlanta, GA 30315",2bd,2ba,549900,1406
"429 Fennel Way SW, Atlanta, GA 30331",3bd,2ba,170000,1189
"Hummingbird Plan in Park Vue, Atlanta, GA 30318",3bd,3ba,424900,1362
"1094 Mendell Cir  NE, Atlanta, GA 30319",3bd,3ba,925000,2899
"3040 Peachtree Rd NW #1913, Atlanta, GA 30305",1bd,1ba,329000,800
"Briarcliff 4-Story Plan in Easton, Atlanta, GA 30318",2bd,3ba,619990,2427
"Kennedy Plan in Hawthorne Station, Atlanta, GA 30337",3bd,3ba,350900,1890
"Strozzi Plan in Reverie on Cumberland, Atlanta, GA 30339",4bd,4ba,899900,3155
"295 Francyne Ct NE, Sandy Springs, GA 30328",3bd,3ba,510000,2375
"515 Hancock Dr   SE, Atlanta, GA 30306",4bd,3ba,424990,2506
"1677 S  Gordon St SW, Atlanta, GA 30310",3bd,2ba,612500,1138
"837 Smith St   SW #B, Atlanta, GA 30310",2bd,2ba,248000,1050
"1145 McDaniel St SW, Atlanta, GA 30310",Studio,Undisclosed,260000,Undisclosed
"2715 Piper Dr, Atlanta, GA 30331",5bd,3ba,409990,2511
"L3 Plan in Atlantic, Atlanta, GA 30363",3bd,3ba,799900,2013
"853 Brookline St SW, Atlanta, GA 30310",3bd,2ba,455000,Undisclosed
"1280 W  Peachtree St   NW #3308, Atlanta, GA 30309",1bd,1ba,250000,813
"HANOVER Plan in Glen at Cascading Palms, Atlanta, GA 30331",4bd,3ba,413990,2804
"2535 Abner Pl NW, Atlanta, GA 30318",3bd,1ba,215000,864
"1406 Mozley Pl SW, Atlanta, GA 30314",3bd,2ba,379999,1210
"133 Holly Rd NW, Atlanta, GA 30314",3bd,1ba,227000,913
"1962 Montrose Dr, East Pt, GA 30344",3bd,3ba,374900,1971
"1332 Willis Mill Rd SW, Atlanta, GA 30311",4bd,2ba,329000,2203
"2845 Forrest Hills Dr SW, Atlanta, GA 30315",4bd,4ba,339600,2100
"2660 Peachtree Rd NW #21C, Atlanta, GA 30305",2bd,2ba,899000,2403
"1591 Abner Ter NW, Atlanta, GA 30318",3bd,2ba,210000,1192
"1504 Woodcliff Dr NE, Sandy Springs, GA 30350",2bd,1ba,259900,1000
"5220 Koweta Rd   S, Atlanta, GA 30349",3bd,3ba,200000,1104
"515 Hancock Dr   SE #40, Atlanta, GA 30306",4bd,3ba,424990,2506
"2544 Laurel Cir NW, Atlanta, GA 30311",2bd,3ba,245000,1626
"2B Plan in 40 West 12th, Atlanta, GA 30309",2bd,3ba,1228556,1652
"2369 Cloverdale Dr, Atlanta, GA 30316",4bd,3ba,575000,2606
"Brycen Plan in Reverie on Cumberland, Atlanta, GA 30339",2bd,3ba,464900,1569
"185 Trowbridge Rd, Sandy Springs, GA 30350",6bd,4ba,875000,3123
"123 Thirkield Ave SE, Atlanta, GA 30315",3bd,3ba,485000,Undisclosed
"4013 Avalon Rd   SW, Atlanta, GA 30331",3bd,3ba,260000,1440
"3982 Wolcott Cir, Doraville, GA 30340",2bd,3ba,248000,1470
"2030 Main St   NW #503, Atlanta, GA 30318",4bd,4ba,519990,2148
"3707 Paces Lookout Ave SE, Atlanta, GA 30339",5bd,5ba,1695000,4888
"610 Herron Trce SW, Atlanta, GA 30349",Studio,Undisclosed,65000,Undisclosed
"1895 Thomasville Dr SE, Atlanta, GA 30315",4bd,2ba,275000,983
"4449 Kellogg Cir, Atlanta, GA 30338",5bd,4ba,824900,2786
"132 Hillside Ave SE, Atlanta, GA 30315",4bd,4ba,600000,2700
"111 Tuxedo Ter NW, Atlanta, GA 30342",6bd,7ba,4250000,7200
"821 Peyton Ave NW, Atlanta, GA 30318",3bd,3ba,425000,1730
"2106 Penrose Dr, Atlanta, GA 30344",3bd,2ba,375000,1074
"500 Westover Dr NW, Atlanta, GA 30305",5bd,5ba,2595000,4587
"4056 Ashford Dunwoody Rd   NE, Atlanta, GA 30319",4bd,5ba,1299000,4300
"792 Magna Carta Dr NW, Atlanta, GA 30318",3bd,2ba,185000,1094
"2555 Flat Shoals Rd   #2204, Atlanta, GA 30349",3bd,3ba,266000,1612
"170 Boulevard SE #H308, Atlanta, GA 30312",1bd,1ba,385000,1269
"888 Gilbert St SE, Atlanta, GA 30316",3bd,3ba,685000,1728
"268 Delevan St SW, Atlanta, GA 30315",Studio,Undisclosed,100000,Undisclosed
"1372 Wichita Dr SW, Atlanta, GA 30311",3bd,1ba,215000,1039
"8 Johnson Rd NW, Atlanta, GA 30318",3bd,2ba,329000,1940
"250 Pharr Rd #913, Atlanta, GA 30305",2bd,2ba,429995,1233
"2604 Campbellton Rd   SW #A5, Atlanta, GA 30311",2bd,3ba,174999,1728
"855 Peachtree St   NE #2905, Atlanta, GA 30308",2bd,2ba,500000,982
"PH-4 Plan in 788 West Midtown, Atlanta, GA 30318",2bd,3ba,831400,1521
"Hayden Plan in The Villages at Oakshire, Atlanta, GA 30354",5bd,3ba,354990,2511
"3201 Lenox Rd   NE #23, Atlanta, GA 30324",2bd,2ba,310000,1249
"2106 Westchester Rdg  NE, Atlanta, GA 30329",1bd,1ba,240000,690
"585 McWilliams Rd   SE #505, Atlanta, GA 30315",3bd,3ba,300000,1368
"1208 N  Decatur Rd, Atlanta, GA 30306",Studio,Undisclosed,325000,6000
"390 17th St   NW #4030, Atlanta, GA 30363",1bd,1ba,245900,868
"523 Wabash Ave NE, Atlanta, GA 30312",2bd,3ba,680000,1756
"M Plan in Atlantic, Atlanta, GA 30363",3bd,3ba,879900,1992
"795 Hammond Dr #2305, Sandy Springs, GA 30328",2bd,2ba,319000,1309
"Address Not Disclosed, Atlanta, GA 30331",4bd,3ba,265900,Undisclosed
"424 Greencove Ln, Atlanta, GA 30316",4bd,3ba,635000,Undisclosed
"1007 Ashby Ter NW, Atlanta, GA 30314",Undisclosed,Undisclosed,115000,Undisclosed
"3021 Delmar Ln NW, Atlanta, GA 30311",Undisclosed,Undisclosed,80000,Undisclosed
"1040 Ira St SW, Atlanta, GA 30310",3bd,2ba,395000,Undisclosed
"3765 Village Dr SW, Atlanta, GA 30331",4bd,3ba,430000,2217
"2700 Pine Tree Rd NE #2315, Atlanta, GA 30324",1bd,1ba,249900,Undisclosed
"846 Hargis St SE, Atlanta, GA 30315",3bd,3ba,310000,1976
"800 Peachtree St   NE #2401, Atlanta, GA 30308",1bd,1ba,264990,775
"1357 Bridges Ave  SW, Atlanta, GA 30310",Undisclosed,Undisclosed,150000,Undisclosed
"115 Biscayne Dr   NW #E4, Atlanta, GA 30309",3bd,2ba,265000,1300
"3435 Kingsboro Rd   NE #604, Atlanta, GA 30326",2bd,2ba,375000,Undisclosed
"115 Biscayne Dr   NW #A12, Atlanta, GA 30309",3bd,2ba,300000,1300
"1748 Devon Dr   SW #33, Atlanta, GA 30311",2bd,3ba,225000,1328
"972 Dekalb Ave NE #102, Atlanta, GA 30307",1bd,1ba,350000,790
"1168 Eggleston St SW, Atlanta, GA 30310",3bd,3ba,439000,1683
"369 Delevan St SW, Atlanta, GA 30310",3bd,3ba,525000,2400
"550 Old Wheat St NE, Atlanta, GA 30312",3bd,2ba,682000,1198
"6670 Prelude Dr, Sandy Springs, GA 30328",4bd,5ba,1455546,4186
"C-1 Plan in 788 West Midtown, Atlanta, GA 30318",3bd,3ba,862900,1770
"250 Pharr Rd #1601, Atlanta, GA 30305",2bd,2ba,420000,1056
"3675 Peachtree Rd NE #29, Atlanta, GA 30319",2bd,2ba,330000,1090
"270 17th St   NW #3505, Atlanta, GA 30363",1bd,2ba,475000,1244
"549 Pryor St SW, Atlanta, GA 30312",3bd,3ba,225000,1392
"72 Peachtree Hills Ave NE, Atlanta, GA 30305",3bd,2ba,799900,1432
"B2 Plan in J5, Atlanta, GA 30308",2bd,2ba,727400,1422
"2216 Chrysler Ter, Atlanta, GA 30345",3bd,2ba,525000,1789
"Hartsfield Plan in Hawthorne Station, Atlanta, GA 30337",4bd,3ba,353900,2066
"1006 Burns Dr SW, Atlanta, GA 30310",4bd,2ba,299999,1595
"654 Elkmont Dr NE, Atlanta, GA 30306",2bd,1ba,695000,1256
"H Plan in Atlantic, Atlanta, GA 30363",3bd,3ba,924900,2014
"361 17th St   #1306, Atlanta, GA 30363",1bd,1ba,285000,811
"4D Plan in 40 West 12th, Atlanta, GA 30309",3bd,4ba,1821925,2532
"149 Rosser St SW, Atlanta, GA 30314",3bd,2ba,425000,1234
"1895 Markone St NW, Atlanta, GA 30318",2bd,1ba,249999,1056
"3379 Bellbuckle Ln, Atlanta, GA 30331",4bd,3ba,436239,2080
"4826 Elm Leaf Dr, Atlanta, GA 30331",4bd,3ba,420999,2089
"607 Enterkin Ct   #9, Atlanta, GA 30349",4bd,3ba,350000,2278
"1160 Aurora Ct, Atlanta, GA 30338",5bd,4ba,629000,2890
"B-2 Plan in 788 West Midtown, Atlanta, GA 30318",2bd,2ba,551900,1129
"1160 Windsor Pkwy #5, Sandy Springs, GA 30319",3bd,3ba,485000,1714
"Hutton Plan in Altus at The Quarter, Atlanta, GA 30318",3bd,3ba,599990,2349
"Riverside Plan in Riverline, Atlanta, GA 30318",3bd,4ba,500000,2175
"Riverwalk Plan in Riverline, Atlanta, GA 30318",3bd,4ba,500000,2175
"Armstrong Plan in Hawthorne Station, Atlanta, GA 30337",3bd,3ba,349900,1871
"3621 Vinings Slope #1536, Atlanta, GA 30339",2bd,2ba,425000,1411
"1048 Mayson Turner Rd NW, Atlanta, GA 30314",5bd,4ba,599000,2980
"1470 Ryan St SW, Atlanta, GA 30310",3bd,3ba,475000,1704
"2254 Fernwood Dr, East Pt, GA 30344",Undisclosed,Undisclosed,100000,Undisclosed
"2152 Ivydale St, East Pt, GA 30344",3bd,3ba,325000,1650
"A-5 Plan in 788 West Midtown, Atlanta, GA 30318",1bd,1ba,478900,1009
"946 Michigan Ave NW, Atlanta, GA 30314",Studio,Undisclosed,155900,Undisclosed
"835 Drummond St SW, Atlanta, GA 30314",Studio,Undisclosed,139900,Undisclosed
"5315 Mount Vernon Pkwy, Sandy Springs, GA 30327",4bd,3ba,895000,Undisclosed
"MANSFIELD Plan in Glen at Cascading Palms, Atlanta, GA 30331",5bd,4ba,457990,3411
"1839 Brannen Rd, Atlanta, GA 30316",4bd,2ba,275000,1529
"2608 Caruso Way  #256, Atlanta, GA 30339",3bd,4ba,459900,1602
"1820 Peachtree Rd #1705, Atlanta, GA 30309",2bd,3ba,849800,1719
"6834 Fireside Ln, College Park, GA 30349",5bd,3ba,389000,3120
"275 Ralph D Abernathy Blvd SW, Atlanta, GA 30312",3bd,4ba,279999,1500
"3481 Lakeside Dr   NE #P101, Atlanta, GA 30326",3bd,3ba,750000,2100
"1712 Dresden Dr   NE, Atlanta, GA 30319",7bd,6ba,1299000,5416
"570 Belada Blvd, Sandy Springs, GA 30342",Studio,Undisclosed,490000,Undisclosed
"450 Belada Blvd, Sandy Springs, GA 30342",Studio,Undisclosed,525000,Undisclosed
"1258 Zucchini Cir  #209, Atlanta, GA 30315",2bd,2ba,428646,1171
"1263 Zucchini Cir  #187, Atlanta, GA 30315",3bd,3ba,452042,1369
"1265 Calhoun Ave, East Pt, GA 30344",3bd,1ba,315000,Undisclosed
"1180 Richland Rd SW, Atlanta, GA 30310",3bd,2ba,325000,1050
"860 Peachtree St   NE #2801, Atlanta, GA 30308",2bd,2ba,1050000,1875
"2783 Grand Ave SW, Atlanta, GA 30315",3bd,1ba,135000,1062
"635 Londonberry Rd, Sandy Springs, GA 30327",4bd,4ba,750000,2899
"1795 Gillem Dr, East Pt, GA 30344",3bd,1ba,165000,1128
"2575 Peachtree Rd NE #6G, Atlanta, GA 30305",2bd,2ba,425000,1594
"705 Glenwood Ave SE, Atlanta, GA 30312",2bd,1ba,520000,945
"3481 Lakeside Dr   NE #2605, Atlanta, GA 30326",1bd,1ba,259000,750
"1029 Piedmont Ave NE #202, Atlanta, GA 30309",2bd,2ba,465000,1185
"1435 Gatestone Way, Atlanta, GA 30339",7bd,7ba,1950000,8296
"550 Belada Blvd, Sandy Springs, GA 30342",Studio,Undisclosed,525000,Undisclosed
"Briscoe Plan in Hawthorne Station, Atlanta, GA 30337",3bd,3ba,347900,1806
"1514 Joseph E Boone Blvd NW, Atlanta, GA 30314",4bd,2ba,375900,1626
"3655 Peachtree Rd   NE #203, Atlanta, GA 30319",2bd,2ba,425000,1236
"4652 Edwina Ln SW, Atlanta, GA 30331",3bd,2ba,155000,1025
"3974 Allegretto Cir  #33, Atlanta, GA 30339",3bd,4ba,515835,1602
"1901 Huntingdon Chas, Atlanta, GA 30350",3bd,2ba,235000,1397
"2841 Belleau Ln, Atlanta, GA 30316",3bd,2ba,299000,1378
"2145 Park Ter, College Park, GA 30337",4bd,4ba,570000,2500
"300 Peachtree St   NE #15B, Atlanta, GA 30308",1bd,2ba,260000,621
"3898 King Arthur Rd SW, Atlanta, GA 30331",3bd,3ba,350000,1776
"6027 Birdseye Trl, Atlanta, GA 30349",4bd,3ba,362500,2782
"269 Sewanee Ave NW, Atlanta, GA 30314",3bd,2ba,254900,1014
"3076 Lynn Dr SW, Atlanta, GA 30311",3bd,2ba,385000,1469
"600 Valley Green Dr NE, Atlanta, GA 30342",Studio,Undisclosed,1375000,Undisclosed
"1720 E  Washington Rd, Atlanta, GA 30344",Studio,Undisclosed,2300000,Undisclosed
"1080 Peachtree St NE #2302, Atlanta, GA 30309",2bd,2ba,899900,1386
"800 Peachtree St NE #1507, Atlanta, GA 30308",1bd,1ba,290000,1094
"1745 Woodcliff Pl, Atlanta, GA 30329",3bd,3ba,359900,2229
"2655 Picardy Cir S, Atlanta, GA 30349",2bd,3ba,189500,2550
"2879 Harlan Dr, East Pt, GA 30344",2bd,1ba,149900,936
"1663 N  Ave NW, Atlanta, GA 30318",3bd,3ba,499900,1700
"727 Cascade Ave SW, Atlanta, GA 30310",4bd,3ba,615000,Undisclosed
"359 Fairburn Rd NW, Atlanta, GA 30331",2bd,1ba,147900,949
"192 Hemphill School Rd NW, Atlanta, GA 30331",3bd,2ba,94900,1230
"201 Carroll St SE, Atlanta, GA 30312",5bd,2ba,750000,Undisclosed
"1041 Valley View Rd SE, Atlanta, GA 30315",3bd,1ba,220000,875
"551 Wimbledon Rd NE, Atlanta, GA 30324",Studio,Undisclosed,649000,Undisclosed
"2968 Northside Dr NW, Atlanta, GA 30327",4bd,6ba,1200000,4456
"5434 Waterfall Ct, Atlanta, GA 30349",3bd,3ba,235000,1902
"425 Chapel St SW #1103, Atlanta, GA 30313",2bd,2ba,299000,1196
"44 Peachtree Pl NW #1729, Atlanta, GA 30309",1bd,1ba,350000,774
"1711 Summit Glen Ln   NE, Atlanta, GA 30329",4bd,5ba,650000,3489
"2655 Picardy Cir  N  #B, Atlanta, GA 30349",2bd,3ba,189500,2550
"3297 N  Embry Cir, Atlanta, GA 30341",4bd,3ba,625000,2810
"1405 Oakland Dr   SW, Atlanta, GA 30310",Undisclosed,Undisclosed,329000,Undisclosed
"550 Belada Blvd #22, Atlanta, GA 30342",Undisclosed,Undisclosed,525000,Undisclosed
"570 Belada Blvd #20, Atlanta, GA 30342",Undisclosed,Undisclosed,490000,Undisclosed
"450 Belada Blvd #32, Atlanta, GA 30342",Undisclosed,Undisclosed,525000,Undisclosed
"2818 Belaire Cir, Doraville, GA 30340",3bd,2ba,400000,1561
"2618 Parkside Dr NE, Atlanta, GA 30305",8bd,7ba,2895000,6284
"1080 Peachtree St NE #1313, Atlanta, GA 30309",1bd,1ba,399900,789
"476 Village Creek Dr, Atlanta, GA 30338",3bd,3ba,280000,1800
"914 Buckingham Cir NW, Atlanta, GA 30327",7bd,9ba,6385000,10300
"172 Dalrymple Rd, Sandy Springs, GA 30328",6bd,8ba,1799500,7179
"2760 Two Lenox Rd, Atlanta, GA 30324",4bd,5ba,1695000,3721
"2760 Five Lenox Rd, Atlanta, GA 30324",4bd,5ba,1695000,3721
"867 Peachtree St   NE #302, Atlanta, GA 30308",3bd,3ba,1390000,2340
"2442 Springdale Rd SW, Atlanta, GA 30315",3bd,1ba,290000,1026
"870 Mayson Turner Rd   NW #1106, Atlanta, GA 30314",2bd,2ba,212000,872
"1338 Parc Bench Rd   #8, Atlanta, GA 30349",3bd,3ba,424995,1415
"Clover Plan in Zephyr, Atlanta, GA 30315",4bd,3ba,562000,1862
"3915 Thaxton Rd SW, Atlanta, GA 30331",3bd,2ba,285000,1484
"147 15th St   NE #2A, Atlanta, GA 30309",2bd,2ba,700000,2343
"3951 Kingfisher Dr, Atlanta, GA 30349",5bd,3ba,430000,3028
"6980 Roswell Rd   #F7, Atlanta, GA 30328",3bd,3ba,327000,1632
"2930 Eleanor Ter NW, Atlanta, GA 30318",3bd,2ba,339000,1560
"810 Welch St SW, Atlanta, GA 30310",5bd,3ba,465000,2074
"1384 Allegheny St SW, Atlanta, GA 30310",4bd,2ba,519000,1700
"1766 Hadlock St SW, Atlanta, GA 30311",2bd,1ba,125000,750
"175 Blackland Rd NW, Atlanta, GA 30342",9bd,12ba,6695000,10541
"2561 Thompson Rd   NE, Atlanta, GA 30319",7bd,5ba,1589000,5200
"4015 Riverchess Dr SW, Atlanta, GA 30331",3bd,3ba,404990,1828
"1365 Joseph E Boone Blvd NW, Atlanta, GA 30314",Studio,Undisclosed,400000,Undisclosed
"B-5 Plan in 788 West Midtown, Atlanta, GA 30318",2bd,3ba,871900,1790
"36 Sheridan Dr NE #A4, Atlanta, GA 30305",2bd,1ba,295000,1036
"716 Lenox Ln, Atlanta, GA 30324",4bd,5ba,1000000,3100
"3595 Quillback Ct, Atlanta, GA 30349",6bd,4ba,595000,3543
"1431 Graymont Dr   SW, Atlanta, GA 30310",4bd,4ba,525000,2301
"1427 Graymont Dr   SW, Atlanta, GA 30310",4bd,4ba,525000,2301
"3334 Peachtree Rd NE #902, Atlanta, GA 30326",1bd,1ba,318000,998
"55 Glen Oaks Dr, Sandy Springs, GA 30327",6bd,8ba,1550000,8049
"490 Quillian Ave  SE #B, Decatur, GA 30032",4bd,3ba,585000,1859
"1065 United Ave  SE #301, Atlanta, GA 30316",1bd,1ba,350000,889
"1949 Royal Ct, Atlanta, GA 30341",5bd,4ba,1200000,Undisclosed
"Address Not Disclosed, Atlanta, GA 30331",4bd,3ba,350000,Undisclosed
"3128 Lake Ct, Atlanta, GA 30341",3bd,3ba,269900,Undisclosed
"23203 Plantation Dr NE, Atlanta, GA 30324",2bd,2ba,275000,1224
"3935 Shandra Way, South Fulton, GA 30349",3bd,2ba,310000,1638
"702 Argonne Ave  NE #3, Atlanta, GA 30308",2bd,1ba,235000,667
"493 Tufton Trl SE, Atlanta, GA 30354",4bd,3ba,299999,2184
"1943 Sunbury Pl NW, Atlanta, GA 30318",4bd,3ba,1295000,2631
"250 Pharr Rd #1204, Atlanta, GA 30305",1bd,1ba,289000,867
"2531 Thompson Rd, Atlanta, GA 30319",6bd,5ba,1700000,4235
"664 Thurmond St NW, Atlanta, GA 30314",Studio,Undisclosed,159900,Undisclosed
"3824 Vermont Rd NE, Atlanta, GA 30319",4bd,5ba,1999000,5238
"1871 S  Hampton Ln   SE, Atlanta, GA 30316",4bd,3ba,365000,2270
"2354 Burroughs Ave SE, Atlanta, GA 30315",3bd,2ba,299500,1236
"1864 Duke Rd, Chamblee, GA 30341",5bd,5ba,1495000,3700
"872 Glenway Dr, East Pt, GA 30344",3bd,2ba,319000,1704
"3511 Hamilton Ave, Hapeville, GA 30354",3bd,3ba,435000,1996
"670 Federal Ter SE, Atlanta, GA 30315",3bd,2ba,399000,1288
"Calliope Plan in Park Vue, Atlanta, GA 30318",3bd,3ba,468405,1507
"1700 Hadlock St SW, Atlanta, GA 30311",2bd,1ba,145000,768
"112 Rogers St   NE #206, Atlanta, GA 30317",2bd,2ba,471000,1449
"1034 Palmetto Ave SW, Atlanta, GA 30314",4bd,4ba,510000,Undisclosed
"1819 Windemere Dr NE, Atlanta, GA 30324",5bd,5ba,2349000,5498
"167 Amherst Pl NW, Atlanta, GA 30327",2bd,2ba,399500,1295
"830 Greenwood Ave  NE #7, Atlanta, GA 30306",1bd,1ba,269900,Undisclosed
"5996 Mitchell Rd   #20, Atlanta, GA 30328",3bd,4ba,470000,2350
"2114 Drew Valley Rd   NE, Atlanta, GA 30319",3bd,3ba,649900,2262
"1443 Beatie Ave SW, Atlanta, GA 30310",4bd,2ba,280000,2478
"2187 Tiger Flowers Dr NW, Atlanta, GA 30314",3bd,1ba,180000,900
"2184 Polar Rock Pl SW, Atlanta, GA 30315",2bd,1ba,227000,895
"400 Village Pkwy NE #128, Atlanta, GA 30306",1bd,2ba,470000,1115
"790 Liberty Commons Dr NW, Atlanta, GA 30314",3bd,4ba,390000,1895
"1910 Cedar Glenn Way  #4403, Atlanta, GA 30339",2bd,2ba,350000,1209
"704 Garden Ct, Sandy Springs, GA 30328",2bd,2ba,290000,1200
"807 Gilbert St SE, Atlanta, GA 30316",3bd,2ba,539000,1266
"2965 Pharr Court South NW #115, Atlanta, GA 30305",2bd,2ba,225000,1167
"943 Peachtree St   NE #1901, Atlanta, GA 30309",2bd,1ba,425000,926
"2698 Rantin Dr, East Pt, GA 30344",2bd,1ba,239900,Undisclosed
"28 Collier Rd   NW #1, Atlanta, GA 30309",2bd,1ba,318000,960
"1674 Sandtown Rd SW, Atlanta, GA 30311",3bd,2ba,340000,1526
"293 Candler St, Atlanta, GA 30307",4bd,3ba,850000,2694
"2504 Bradford Sq, Atlanta, GA 30345",3bd,2ba,265000,1320
"1039 Palmetto Ave SW, Atlanta, GA 30314",4bd,3ba,524900,1750
"1077 Peeples St SW, Atlanta, GA 30310",3bd,2ba,285000,1169
"1579 Montreat Ave SW, Atlanta, GA 30311",4bd,3ba,574900,2800
"635 Kennolia Dr SW, Atlanta, GA 30310",3bd,2ba,325000,1480
"3079 Valleydale Dr SW, Atlanta, GA 30311",3bd,2ba,450000,1936
"4955 Powers Ferry Rd, Sandy Springs, GA 30327",5bd,3ba,699000,1956
"1786 Marietta Rd NW, Atlanta, GA 30318",3bd,3ba,569900,1600
"3377 Napoleon St, College Park, GA 30337",4bd,6ba,775000,2625
"943 Peachtree Rd #1802, Atlanta, GA 30309",1bd,1ba,383500,849
"195 Arizona Ave #163, Atlanta, GA 30307",2bd,2ba,475000,1354
"120 Ralph McGill Blvd NE #505, Atlanta, GA 30308",1bd,1ba,294900,1190
"1162 N  Shore Dr SW, Atlanta, GA 30311",Undisclosed,Undisclosed,94900,Undisclosed
"5617 Casa Blanca Ln, Atlanta, GA 30331",5bd,4ba,529900,3170
"4015 Riverchess Dr   SW #125, Atlanta, GA 30331",3bd,3ba,404990,Undisclosed
"860 Peachtree St   NE #807, Atlanta, GA 30308",1bd,1ba,326000,792
"476 Village Creek Dr   #A, Atlanta, GA 30338",3bd,3ba,280000,1800
"4985 Butner Rd   S, Atlanta, GA 30349",Undisclosed,Undisclosed,90000,Undisclosed
"3209 Teton Dr   SE, Atlanta, GA 30339",5bd,6ba,2999900,Undisclosed
"176B Sampson St   NE, Atlanta, GA 30312",3bd,5ba,859000,1925
"790 Liberty Commons Dr   NW #601, Atlanta, GA 30314",3bd,4ba,390000,1895
"1566 Peachtree Battle Ave NW, Atlanta, GA 30327",4bd,3ba,1210000,2800
"519 James P Brawley Dr NW, Atlanta, GA 30318",Studio,Undisclosed,199900,Undisclosed
"549 Hopkins St SW, Atlanta, GA 30310",Studio,Undisclosed,125000,Undisclosed
"539 Hopkins St   SW, Atlanta, GA 30310",Studio,Undisclosed,225000,Undisclosed
"795 Hammond Dr #2307, Sandy Springs, GA 30328",1bd,1ba,262000,941
"505 Whitehall St SW #101, Atlanta, GA 30313",2bd,1ba,372555,1355
"4046 Braxton Pl SW, Atlanta, GA 30331",3bd,3ba,235000,1368
"2418 Charleston Pointe Ct, Atlanta, GA 30316",4bd,3ba,342000,1864
"3030 Lynhurst Cir SW, Atlanta, GA 30311",4bd,2ba,350000,2004
"75 Spruell Springs Rd, Atlanta, GA 30342",6bd,5ba,1650000,6700
"3266 Henderson Mill Rd   #B, Chamblee, GA 30341",2bd,2ba,259000,1201
"707 Banton Dr NW, Atlanta, GA 30318",3bd,4ba,625000,2095
"3320 Ridge Poin, Atlanta, GA 30339",4bd,4ba,875000,5013
"4132 Carmain Dr NE, Atlanta, GA 30342",5bd,5ba,2700000,5500
"4006 Riverchess Dr SW, Atlanta, GA 30331",3bd,3ba,384990,1814
"3998 Riverchess Dr SW, Atlanta, GA 30331",3bd,3ba,384990,1814
"1868 Bragg St, Atlanta, GA 30341",4bd,4ba,1120000,3932
"3040 Peachtree Rd NW #412, Atlanta, GA 30305",2bd,2ba,479999,1250
"648 Grady Pl SW, Atlanta, GA 30310",3bd,2ba,475000,Undisclosed
"1775 Brandon Hall Dr, Sandy Springs, GA 30350",4bd,5ba,840000,5395
"1385 Centra Villa Dr SW, Atlanta, GA 30311",4bd,2ba,399500,1860
"B-3 Plan in 788 West Midtown, Atlanta, GA 30318",2bd,3ba,652900,1472
"1075 Thomasville Estate Way, Atlanta, GA 30315",3bd,3ba,333990,Undisclosed
"856 Briarcliff Rd   NE #3, Atlanta, GA 30306",1bd,1ba,280000,764
"1849 E  Farris Ave, Atlanta, GA 30344",3bd,2ba,315000,Undisclosed
"1300 Kipling St SE, Atlanta, GA 30315",3bd,2ba,295000,1140
"2731 Arden Rd NW, Atlanta, GA 30327",6bd,7ba,3299000,7470
"870 Mayson Turner Rd   NW #1012, Atlanta, GA 30314",2bd,2ba,175000,1094
"943 Peachtree St   #1504, Atlanta, GA 30309",1bd,1ba,299000,768
"3150 Woodwalk Dr #2206, Atlanta, GA 30339",2bd,2ba,330000,1195
"921 Ponce De Leon Pl NE, Atlanta, GA 30306",5bd,6ba,1999000,5670
"1353 Sylvan Cir, Atlanta, GA 30319",5bd,6ba,1995000,5253
"589 Pelham Rd NE, Atlanta, GA 30324",5bd,4ba,1400000,5127
"2442 Connally Dr, East Pt, GA 30344",4bd,2ba,80000,1670
"3727 Tuxedo Rd NW, Atlanta, GA 30305",Studio,Undisclosed,5999000,Undisclosed
"2408 Lakeshore Dr   #28, Atlanta, GA 30307",3bd,3ba,407900,1415
"272 Estoria St   SE #25, Atlanta, GA 30316",3bd,4ba,730000,2130
"238 Ismal Dr   SW, Atlanta, GA 30331",3bd,4ba,373000,1832
"1965 Hidden Hts  NW, Atlanta, GA 30318",3bd,3ba,424999,1444
"6201 Old Kingston Dr, Atlanta, GA 30331",5bd,3ba,533200,3672
"955 Juniper St NE #1118, Atlanta, GA 30309",1bd,1ba,305000,789
"3717 Allegretto Cir, Atlanta, GA 30339",3bd,4ba,565000,1828
"601 Oakside Dr SW, Atlanta, GA 30331",3bd,2ba,259800,1564
"3271 Stillwood Dr, Atlanta, GA 30354",4bd,4ba,637375,Undisclosed
"1238 Ladd St SW, Atlanta, GA 30310",4bd,3ba,469000,1958
"58 Mount Vernon Cir, Atlanta, GA 30338",3bd,3ba,424000,1750
"716 Church St NW, Atlanta, GA 30318",3bd,2ba,355000,1276
"979 Sims Ave NW, Atlanta, GA 30318",Studio,Undisclosed,525000,Undisclosed
"222 12th St NE #905, Atlanta, GA 30309",2bd,2ba,600000,1329
"1342 Elizabeth Ave SW, Atlanta, GA 30310",Studio,Undisclosed,120000,Undisclosed
"394 Sawtell Ave SE, Atlanta, GA 30315",3bd,2ba,334900,1363
"3070 Meadow Mere W, Chamblee, GA 30341",3bd,3ba,290000,1803
"246 Kirkwood Rd, Atlanta, GA 30317",3bd,2ba,508000,Undisclosed
"3319 Harrison Rd, East Pt, GA 30344",5bd,4ba,749900,Undisclosed
"853 Gaston St SW, Atlanta, GA 30310",4bd,4ba,435000,2300
"126 Chappell Rd NW, Atlanta, GA 30314",2bd,1ba,155000,977
"1932 Phillips Ave, East Pt, GA 30344",Undisclosed,Undisclosed,149900,Undisclosed
"781 Ayrshire Cir NW, Atlanta, GA 30318",3bd,1ba,100000,866
"395 Spindle Ct, Sandy Springs, GA 30350",5bd,5ba,829000,4192
"856 Briarcliff Rd #3, Atlanta, GA 30306",1bd,1ba,280000,764
"77 Peachtree Pl NE #417, Atlanta, GA 30309",1bd,1ba,425000,911
"390 17th St NW #3036, Atlanta, GA 30363",2bd,2ba,315990,1166
"1080 Peachtree St NE #702, Atlanta, GA 30309",2bd,2ba,825000,1386
"272 Estoria St SE, Atlanta, GA 30316",3bd,4ba,750000,2130
"1081 Thomasville Estate Way  #20, Atlanta, GA 30315",3bd,3ba,333990,1800
"238 Ismal Dr   S, Atlanta, GA 30331",2bd,4ba,373000,Undisclosed
"1075 Thomasville Estate Way  #19, Atlanta, GA 30315",3bd,3ba,333990,1800
"1027 Thomasville Estate Way  #11, Atlanta, GA 30315",3bd,3ba,329990,1800
"1051 Thomasville Estate Way  #15, Atlanta, GA 30315",3bd,3ba,329990,1800
"3998 Riverchess Dr   SW #108, Atlanta, GA 30331",3bd,3ba,384990,1814
"42 Arpege Way  NW #42, Atlanta, GA 30327",2bd,2ba,244900,1273
"4006 Riverchess Dr   SW #110, Atlanta, GA 30331",3bd,3ba,384990,1814
"1517 Cobalt Dr, Atlanta, GA 30318",3bd,4ba,698715,Undisclosed
"2100 Garden Pl   SE #13, Atlanta, GA 30316",4bd,5ba,529900,2350
"Browns Mill Rd   SE, Atlanta, GA 30354",Undisclosed,Undisclosed,70000,Undisclosed
"50 Old Powers Pl NW, Sandy Springs, GA 30327",4bd,5ba,1195000,4879
"Adeline Plan in The Parc, Atlanta, GA 30316",3bd,4ba,400000,1984
