Address,Beds,Baths,Price,Square Foot,Suggested Price
"874 Plainville Pl SW, Atlanta, GA 30331",4bd,2ba,289000,962,314669.96
"1671 Cecile Ave, Atlanta, GA 30316",4bd,2ba,645000,1998,653545.3
"2997 Semmes St, East Pt, GA 30344",3bd,2ba,235000,1244,406912.09
"1835 Broad Ave, East Pt, GA 30344",3bd,3ba,275000,1211,396117.8
"425 Lindbergh Dr NE #D1, Atlanta, GA 30305",2bd,1ba,259990,1010,330370.75
"1841 E  Farris Ave, East Pt, GA 30344",3bd,2ba,320000,1200,392519.7
"2300 Peachford Rd #1202, Atlanta, GA 30338",2bd,2ba,400000,1396,456631.25
"400 17th St NW #1334, Atlanta, GA 30363",3bd,3ba,359900,1500,490649.62
"790 Knox Dr SE, Atlanta, GA 30315",3bd,3ba,449900,1456,476257.24
"681 Ira St SW, Atlanta, GA 30310",3bd,1ba,170000,1200,392519.7
"1697 Chateau Dr, Atlanta, GA 30338",5bd,4ba,635000,3375,1103961.66
"1101 Collier Rd   NW #A8, Atlanta, GA 30318",2bd,2ba,288000,1020,333641.74
"1385 Campbellton Rd SW, Atlanta, GA 30310",3bd,2ba,299000,1140,372893.71
"4038 Tilly Mill Rd, Atlanta, GA 30360",4bd,2ba,529000,2842,929617.49
"1335 Parc Bench Rd   #19, Atlanta, GA 30349",3bd,3ba,414900,1465,479201.13
"1337 Parc Bench Rd   #20, Atlanta, GA 30349",3bd,3ba,404900,1465,479201.13
"71 Lucy St   SE #3, Atlanta, GA 30312",4bd,5ba,849999,2645,865178.84
"425 Chapel St   SW #2302, Atlanta, GA 30313",2bd,2ba,275000,1196,391211.3
"1051 Thomasville Estate Way, Atlanta, GA 30315",3bd,3ba,329990,1800,588779.55
"Cosmos Plan in Aviary Park, Atlanta, GA 30311",3bd,3ba,281900,1421,464808.74
"180 Smithdun Ln, Sandy Springs, GA 30350",4bd,4ba,745000,2855,933869.79
"3113 Lenox Rd   NE #5, Atlanta, GA 30324",3bd,4ba,800000,3300,1079429.17
"880 Oakhill Ave SW, Atlanta, GA 30310",3bd,3ba,440000,1600,523359.6
"1365 Custer Way SE, Atlanta, GA 30316",4bd,4ba,730000,3576,1169708.71
"1351 Paces Forest Dr NW, Atlanta, GA 30327",6bd,6ba,1375000,5850,1913533.54
"2530 Nevels Rd, Atlanta, GA 30349",3bd,4ba,269900,2341,765740.51
"Annalise Plan in Anatole, Atlanta, GA 30331",3bd,3ba,301000,1580,516817.6
"2226 Bigwood Trl, Atlanta, GA 30349",2bd,3ba,215000,1544,505042.01
"6585 Commonwood Pl, Atlanta, GA 30349",5bd,3ba,278000,2312,756254.62
"2164 Connally Dr, East Pt, GA 30344",3bd,2ba,220000,1440,471023.64
"5295 Orange Dr SW, Atlanta, GA 30331",4bd,3ba,357000,1606,525322.2
"1982 Baker Rd NW, Atlanta, GA 30318",3bd,3ba,414900,1540,503733.61
"1039 Division St   NW #30, Atlanta, GA 30314",3bd,5ba,768758,2373,776207.71
"1338 Dekalb Ave, Atlanta, GA 30307",3bd,3ba,825000,2781,909664.4
"1375 Elizabeth Ln, East Pt, GA 30344",3bd,1ba,320000,1272,416070.88
"4070 Ivey Gate, Chamblee, GA 30341",3bd,4ba,520000,2683,877608.63
"87 Peachtree St SW #506, Atlanta, GA 30303",1bd,1ba,239500,1256,410837.29
"Cooper Plan in Reverie on Cumberland, Atlanta, GA 30339",4bd,4ba,719370,2470,807936.38
"Robie Plan in The Villages at Oakshire, Atlanta, GA 30354",5bd,3ba,352500,2361,772282.51
"2475 Sycamore Rd   NW, Atlanta, GA 30318",3bd,4ba,529900,2175,711441.96
"2485 Sycamore Rd, Atlanta, GA 30318",3bd,4ba,529900,2175,711441.96
"2488 Sycamore Rd, Atlanta, GA 30318",3bd,4ba,554900,2175,711441.96
"2782 Rangewood Dr, Atlanta, GA 30345",5bd,5ba,865000,4950,1619143.76
"2487 Sycamore Rd, Atlanta, GA 30318",3bd,4ba,529900,2175,711441.96
"2491 Sycamore Rd, Atlanta, GA 30318",3bd,4ba,539900,2175,711441.96
"Type A Plan in Hollywood and Main II, Atlanta, GA 30318",3bd,4ba,490000,1792,586162.75
"316 Glenn St SW, Atlanta, GA 30312",2bd,3ba,250000,992,324482.95
"1165 Chantilly Rdg  NE, Atlanta, GA 30324",4bd,4ba,725000,2915,953495.77
"915 Smith St SW, Atlanta, GA 30310",2bd,2ba,255000,910,297660.77
"848 Stratum Way SE, Atlanta, GA 30312",4bd,3ba,539500,1958,640461.31
"3208 N  Fulton Ave, Hapeville, GA 30354",3bd,2ba,280000,1196,391211.3
"4291 Briarcliff Rd, Atlanta, GA 30345",3bd,2ba,439000,1930,631302.52
"2825 Gresham Rd, Atlanta, GA 30316",3bd,1ba,250000,984,321866.15
"1563 Paxon St   SE, Atlanta, GA 30317",4bd,3ba,210000,1014,331679.15
"149 Walnut St SW, Atlanta, GA 30314",6bd,2ba,400000,2244,734011.84
"795 Hammond Dr #1701, Sandy Springs, GA 30328",2bd,1ba,245000,975,318922.26
"3994 Wolcott Cir, Doraville, GA 30340",2bd,3ba,257500,1160,379435.71
"226 Polar Rock Rd SW, Atlanta, GA 30315",3bd,2ba,321000,1942,635227.71
"2232 Dunseath Ave NW #412, Atlanta, GA 30318",2bd,2ba,250000,950,310744.76
"987 Ashby Cir NW, Atlanta, GA 30314",3bd,3ba,480000,1796,587471.15
"5315 Brooke Ridge Dr, Atlanta, GA 30338",3bd,4ba,499900,2438,797469.19
"3777 Peachtree Rd   NE #1128, Atlanta, GA 30319",1bd,1ba,250000,919,300604.67
"1851 Dunlap Ave, East Pt, GA 30344",3bd,2ba,349000,1482,484761.83
"2109 River Green Dr NW, Atlanta, GA 30327",1bd,1ba,225000,820,268221.79
"2998 Memorial Dr, Atlanta, GA 30317",2bd,1ba,319000,977,319576.46
"3300 Dogwood Dr   #312, Hapeville, GA 30354",2bd,2ba,225000,1295,423594.18
"374 Oak Dr SE, Atlanta, GA 30354",3bd,2ba,304900,1014,331679.15
"1461 Hawthorne Way, East Pt, GA 30344",3bd,1ba,80000,1254,410183.09
"854 Bonneville Ter NW, Atlanta, GA 30331",3bd,3ba,245000,1150,376164.71
"870 Mayson Turner Rd   NW #1239, Atlanta, GA 30314",1bd,1ba,140000,768,251212.61
"1412 Foxhall Ln   SE #11, Atlanta, GA 30316",1bd,1ba,128000,627,205091.54
"2921 Lenox Rd   NE #402, Atlanta, GA 30324",2bd,2ba,354000,1270,415416.68
"976 Silverwood Dr, Atlanta, GA 30349",3bd,2ba,269900,2176,711769.06
"170 Boulevard SE #E209, Atlanta, GA 30312",2bd,2ba,575000,1858,607751.34
"1372 McClelland Ave, Atlanta, GA 30344",3bd,2ba,219999,1180,385977.7
"1689 Derry Ave SW, Atlanta, GA 30310",4bd,4ba,535888,2425,793216.89
"260 18th St   NW #10315, Atlanta, GA 30363",2bd,2ba,434900,1372,448780.86
"2249 Leicester Way SE, Atlanta, GA 30316",3bd,3ba,325000,1548,506350.41
"4030 Stonewall Tell Rd, Atlanta, GA 30349",4bd,2ba,295000,1404,459248.05
"4834 Neal Rdg, Atlanta, GA 30349",5bd,4ba,825000,5189,1697320.6
"1412 Beatie Ave SW, Atlanta, GA 30310",3bd,2ba,449999,1459,477238.54
"2587 Hightower Ct NW, Atlanta, GA 30318",4bd,3ba,247500,988,323174.55
"6961 Brandon Mill Rd, Sandy Springs, GA 30328",4bd,4ba,750000,2728,892328.12
"3091 Colonial Way  #A3, Atlanta, GA 30341",2bd,2ba,264900,1032,337566.94
"795 Hammond Dr #1808, Sandy Springs, GA 30328",1bd,1ba,218000,769,251539.71
"2615 Jefferson Ter, Atlanta, GA 30344",2bd,2ba,349500,1777,581256.26
"2210 Pansy St NW, Atlanta, GA 30314",3bd,3ba,279000,1288,421304.48
"554 Oak Dr, Hapeville, GA 30354",3bd,2ba,300000,1200,392519.7
"5925 Mallory Rd, Atlanta, GA 30349",2bd,2ba,169900,960,314015.76
"4110 Robin Cir, Atlanta, GA 30349",3bd,3ba,265000,2264,740553.83
"3303 Woodwalk Dr   SE #17, Atlanta, GA 30339",3bd,4ba,599900,3710,1213540.07
"2226 Bigwood Trl  S, Atlanta, GA 30349",2bd,3ba,215000,1544,505042.01
"6314 Rockaway Rd   #29, Atlanta, GA 30349",3bd,3ba,265100,1488,486724.43
"560 Wembley Cir, Sandy Springs, GA 30328",4bd,4ba,719000,3115,1018915.72
"1161 Bordeau Ct, Atlanta, GA 30338",4bd,3ba,550000,2365,773590.91
"1097 Robert Smalls Way, Atlanta, GA 30318",3bd,4ba,662900,2294,750366.83
"2554 Boulder Hill Ct, Atlanta, GA 30316",4bd,3ba,439000,1544,505042.01
"2733 Caldwell Rd, Atlanta, GA 30319",6bd,6ba,1399900,5812,1901103.75
"Braden Plan in Anatole, Atlanta, GA 30331",3bd,3ba,296000,1463,478546.93
"1033 Lenox Crst, Atlanta, GA 30324",3bd,3ba,724500,3686,1205689.68
"1300 Memorial Dr   SE #14, Atlanta, GA 30317",3bd,4ba,640000,2382,779151.6
"6177 Stonelake Dr SW, Atlanta, GA 30331",5bd,4ba,465000,3451,1128821.24
"737 Bismark Rd NE, Atlanta, GA 30324",3bd,4ba,550000,1881,615274.63
"2884 Cravey Dr   NE, Atlanta, GA 30345",6bd,5ba,925000,3078,1006813.03
"1092 Oak St SW, Atlanta, GA 30310",3bd,2ba,394000,2052,671208.69
"1069 Bluffhaven Way, Atlanta, GA 30319",4bd,4ba,1059000,3918,1281576.82
"3538 Kim Ct, Atlanta, GA 30340",4bd,2ba,699000,2750,899524.31
"496 Park Valley Dr NW, Atlanta, GA 30318",3bd,1ba,174900,828,270838.59
"507 Carter Ave SE, Atlanta, GA 30317",4bd,3ba,675000,2384,779805.8
"353 Collier Ridge Dr NW, Atlanta, GA 30318",3bd,2ba,359900,1450,474294.64
"2880 Dawes Ave, Atlanta, GA 30317",4bd,2ba,430000,1440,471023.64
"779 N  Elizabeth Pl NW, Atlanta, GA 30318",3bd,2ba,345900,1600,523359.6
"2803 Fleur De Lis Way, Dunwoody, GA 30360",3bd,2ba,475000,1662,543639.78
"1057 Shepherds Ln, Atlanta, GA 30324",5bd,4ba,935000,3600,1177559.1
"1063 Smith St SW, Atlanta, GA 30310",3bd,2ba,400000,1509,493593.52
"3586 Adelaide Xing, Atlanta, GA 30319",4bd,4ba,650000,2510,821020.37
"900 Coleman St   SW, Atlanta, GA 30310",4bd,3ba,550000,1900,621489.52
"Brycen Plan in Park Vue, Atlanta, GA 30318",2bd,3ba,453955,1569,513219.51
"1722 Faulkland Ave, Atlanta, GA 30329",3bd,4ba,580000,2200,719619.45
"1619 Sylvan Rd SW, Atlanta, GA 30310",4bd,2ba,490000,1821,595648.64
"1103 Leah Ln, Atlanta, GA 30316",3bd,3ba,550000,2040,667283.49
"3623 Princeton Ave, College Park, GA 30337",3bd,4ba,410000,1520,497191.62
"3982 Lake Manor Way, Atlanta, GA 30349",3bd,3ba,400000,2243,733684.74
"1059 Claudette Colvin Ct, Atlanta, GA 30318",3bd,4ba,672900,2294,750366.83
"1095 Robert Smalls Way, Atlanta, GA 30318",3bd,4ba,662900,2294,750366.83
"1055 Claudette Colvin Ct, Atlanta, GA 30318",3bd,4ba,672900,2294,750366.83
"1057 Claudette Colvin Ct, Atlanta, GA 30318",3bd,4ba,652900,2294,750366.83
"1977 Clairmont Ter, Atlanta, GA 30345",3bd,4ba,825000,3598,1176904.9
"390 17th St NW #2001, Atlanta, GA 30363",2bd,2ba,299900,1166,381398.31
"4094 N  Shallowford Rd, Atlanta, GA 30341",4bd,3ba,499900,2288,748404.23
"3004 Vinings Ferry Dr SE, Atlanta, GA 30339",3bd,3ba,450000,2400,785039.4
"1118 Hawthorne St NE, Atlanta, GA 30307",5bd,3ba,699000,2432,795506.59
"6580 Bellburn Rd, Atlanta, GA 30349",5bd,3ba,360000,2045,668918.99
"1106 Briar Cove Cir, Atlanta, GA 30329",5bd,4ba,875000,2870,938776.28
"Belhaven Plan in The Villages at Oakshire, Atlanta, GA 30354",4bd,3ba,335430,1991,651255.6
"375 Highland Ave  NE #303, Atlanta, GA 30312",3bd,3ba,435000,1478,483453.43
"3079 Revere Ct, Atlanta, GA 30340",2bd,3ba,200000,1160,379435.71
"1549 Brooksbank Dr, Atlanta, GA 30319",4bd,4ba,675000,2602,851113.55
"641 Hamilton E Holmes Dr NW, Atlanta, GA 30318",3bd,2ba,170000,1155,377800.21
"5522 Denny Dr, Atlanta, GA 30349",5bd,2ba,349900,1320,431771.67
"2923 Two Lake Cir, College Park, GA 30349",3bd,3ba,240000,1225,400697.19
"4100 Paces Walk SE #1206, Atlanta, GA 30339",2bd,2ba,325000,1304,426538.07
"391 Mount Zion Rd   SW, Atlanta, GA 30354",5bd,2ba,275000,2048,669900.29
"1545 Pineview Ter SW, Atlanta, GA 30311",2bd,1ba,275000,1287,420977.38
"70 Chappell Rd NW, Atlanta, GA 30314",5bd,3ba,439900,2160,706535.46
"2637 Peachtree Rd NE #310, Atlanta, GA 30305",2bd,2ba,375000,1454,475603.04
"1696 Westwood Ave SW, Atlanta, GA 30310",4bd,3ba,635000,2400,785039.4
"5222 Brooke Ridge Dr, Atlanta, GA 30338",2bd,2ba,469000,1645,538079.09
"1777 Maple Walk Cir SW, Atlanta, GA 30315",3bd,3ba,370000,1966,643078.11
"2825 Expressway #P2, Atlanta, GA 30345",3bd,3ba,260000,1671,546583.68
"1150 Collier Rd   NW #L22, Atlanta, GA 30318",1bd,1ba,175000,636,208035.44
"1471 Hardin Ave, College Park, GA 30337",3bd,2ba,369900,1314,429809.07
"451 Holly St NW, Atlanta, GA 30318",3bd,2ba,335000,1371,448453.76
"452 Rockwell St SW, Atlanta, GA 30310",4bd,4ba,585000,2980,974757.25
"620 Peachtree St NE #1911, Atlanta, GA 30308",2bd,1ba,254900,992,324482.95
"Hutton Plan in Easton, Atlanta, GA 30318",3bd,3ba,590990,2349,768357.31
"6851 Roswell Rd   #Q20, Atlanta, GA 30328",3bd,2ba,280000,1469,480509.53
"1410 Foxhall Ln   SE #5, Atlanta, GA 30316",3bd,2ba,164900,990,323828.75
"3619 Keswick Dr, Atlanta, GA 30341",5bd,7ba,1750000,6093,1993018.78
"2230 Cheshire Bridge Rd   NE #110, Atlanta, GA 30324",1bd,1ba,175000,755,246960.31
"6230 Mountain Brook Way, Atlanta, GA 30328",6bd,6ba,1435000,5000,1635498.75
"GALEN Plan in Glen at Cascading Palms, Atlanta, GA 30331",4bd,3ba,392990,2340,765413.41
"1460 Hartford Ave SW, Atlanta, GA 30310",3bd,3ba,310000,2662,870739.53
"2392 Jefferson Ter, East Pt, GA 30344",3bd,1ba,254000,1008,329716.55
"809 North Ave, Hapeville, GA 30354",6bd,3ba,450000,3000,981299.25
"10 Perimeter Summit Blvd NE #4203, Atlanta, GA 30319",2bd,2ba,269900,1017,332660.45
"3445 Stratford Rd   NE #2703, Atlanta, GA 30326",1bd,1ba,350000,1303,426210.97
"Bellamy Plan in Reverie on Cumberland, Atlanta, GA 30339",2bd,3ba,464900,1590,520088.6
"Cabral Plan in The Villages at Oakshire, Atlanta, GA 30354",3bd,3ba,323950,1634,534480.99
"1001 Bergeron Pl, Sandy Springs, GA 30328",4bd,4ba,599999,2829,925365.19
"1007 Palmetto Ave SW, Atlanta, GA 30314",2bd,1ba,160000,1182,386631.9
"665 Brookline St SW, Atlanta, GA 30310",3bd,2ba,575000,1765,577331.06
"1422 Glenwood Ave, Atlanta, GA 30316",4bd,4ba,650000,2136,698685.07
"280 Estoria St   SE, Atlanta, GA 30316",3bd,4ba,695000,2130,696722.47
"2454 Kings Ct, Atlanta, GA 30345",5bd,5ba,799000,4863,1590686.08
"218 Marion Pl, Atlanta, GA 30307",3bd,4ba,595000,2227,728451.14
"4016 Lake Manor Way, Atlanta, GA 30349",4bd,3ba,415000,3920,1282231.02
"248 Spalding Gates Dr, Sandy Springs, GA 30328",3bd,3ba,500000,2797,914898.0
"2044 Groveglen Ct, Atlanta, GA 30345",6bd,5ba,1099000,5750,1880823.56
"198 Ponce De Leon Ave  NE #2A, Atlanta, GA 30308",2bd,1ba,285000,910,297660.77
"2630 Woodward Rd   S, Atlanta, GA 30349",3bd,2ba,250000,1464,478874.03
"1226 Greenwich St SW, Atlanta, GA 30310",3bd,2ba,499900,1849,604807.44
"3777 Peachtree Rd NE #305, Brookhaven, GA 30319",1bd,1ba,270000,919,300604.67
"400 17th St   NW #2409, Atlanta, GA 30363",2bd,2ba,315000,1155,377800.21
"1933 Boulderview Dr SE, Atlanta, GA 30316",4bd,3ba,355000,1944,635881.91
"2644 Oakdale St NW, Atlanta, GA 30318",4bd,3ba,550000,2277,744806.13
"855 Fleetwood Cir  SW, Atlanta, GA 30311",3bd,3ba,625000,2400,785039.4
"430 Lindbergh Dr   NE #K3, Atlanta, GA 30305",2bd,2ba,264900,1188,388594.5
"1585 Archer St SW, Atlanta, GA 30314",4bd,3ba,419995,1712,559994.77
"2212 Westover Dr, East Pt, GA 30344",3bd,1ba,315000,1228,401678.49
"3917 Bonnie Ln SE, Hapeville, GA 30354",4bd,2ba,219000,1339,437986.57
"1100 Osborne St SW, Atlanta, GA 30310",3bd,2ba,319995,1452,474948.84
"905 Fayetteville Rd, Atlanta, GA 30316",3bd,2ba,449900,1408,460556.45
"1162 Oakland Ln SW, Atlanta, GA 30310",4bd,2ba,312500,1400,457939.65
"25 Larue Pl NW, Atlanta, GA 30327",2bd,3ba,285000,1300,425229.67
"4000 Admiral Dr, Chamblee, GA 30341",4bd,3ba,600000,2035,665647.99
"604 Brandywine Cir, Sandy Springs, GA 30350",3bd,3ba,344995,2126,695414.07
"Kerry Plan in The Villages at Oakshire, Atlanta, GA 30354",3bd,2ba,307830,1475,482472.13
"725 Dalrymple Rd #3I, Atlanta, GA 30328",2bd,2ba,229000,1104,361118.12
"364 New Jersey Ave NW, Atlanta, GA 30314",4bd,2ba,372900,1600,523359.6
"30 Glenald Way NW, Atlanta, GA 30327",1bd,1ba,225000,828,270838.59
"5696 Sunlily Dr, Atlanta, GA 30349",4bd,3ba,375000,1835,600228.04
"1382 Lockhaven Cir SW, Atlanta, GA 30311",3bd,2ba,359000,1200,392519.7
"658 S  Grand Ave NW, Atlanta, GA 30318",3bd,2ba,399000,1350,441584.66
"2713 Briarwood Blvd, East Pt, GA 30344",4bd,3ba,340000,1431,468079.74
"Addison Plan in West Highlands, Atlanta, GA 30318",3bd,4ba,550000,1984,648965.9
"JADYN Plan in Glen at Cascading Palms, Atlanta, GA 30331",5bd,3ba,451990,3611,1181157.2
"5380 Brooke Ridge Dr, Atlanta, GA 30338",5bd,5ba,700000,3656,1195876.69
"2772 Veltre Pl SW, Atlanta, GA 30311",3bd,2ba,279000,1434,469061.04
"4555 Danforth Rd SW, Atlanta, GA 30331",3bd,2ba,300000,1648,539060.39
"2082 Wrights Mill Cir, Atlanta, GA 30324",4bd,4ba,799999,3514,1149428.52
"5645 Cascade Pass, Atlanta, GA 30336",3bd,3ba,275000,1638,535789.39
"1105 Pine Tree Trl, Atlanta, GA 30349",4bd,3ba,149999,1297,424248.38
"Darby Plan in The Collection at East Lake, Atlanta, GA 30316",3bd,3ba,473800,1926,629994.12
"2499 Peachtree Rd NE #407, Atlanta, GA 30305",2bd,2ba,300000,1399,457612.55
"1977 Wee Kirk Rd, Atlanta, GA 30316",3bd,2ba,305000,1300,425229.67
"119 Whitefoord Ave  NE #A, Atlanta, GA 30307",4bd,4ba,725000,2366,773918.01
"1384 Emory Rd, Atlanta, GA 30306",5bd,4ba,740000,2558,836721.16
"2175 Greencrest Dr, Atlanta, GA 30345",5bd,3ba,799000,2744,897561.71
"2852 Hawthorne Dr, Atlanta, GA 30345",6bd,6ba,1295000,5900,1929888.52
"5929 Oak Rd, Doraville, GA 30340",2bd,1ba,259900,928,303548.57
"996 Forrest Cir SE, Atlanta, GA 30354",3bd,2ba,175000,1196,391211.3
"Riverview Plan in Riverline, Atlanta, GA 30318",3bd,4ba,500000,2175,711441.96
"Hummingbird Plan in Park Vue, Atlanta, GA 30318",3bd,3ba,424900,1362,445509.86
"1094 Mendell Cir  NE, Atlanta, GA 30319",3bd,3ba,925000,2899,948262.18
"295 Francyne Ct NE, Sandy Springs, GA 30328",3bd,3ba,510000,2375,776861.91
"2715 Piper Dr, Atlanta, GA 30331",5bd,3ba,414290,2511,821347.47
"515 Hancock Dr   SE, Atlanta, GA 30306",4bd,3ba,424990,2506,819711.97
"837 Smith St   SW #B, Atlanta, GA 30310",2bd,2ba,248000,1050,343454.74
"3410 Essex Ave, Atlanta, GA 30339",2bd,2ba,281000,1181,386304.8
"607 Enterkin Ct, South Fulton, GA 30349",4bd,3ba,350000,2278,745133.23
"1280 W  Peachtree St   NW #3308, Atlanta, GA 30309",1bd,1ba,250000,813,265932.1
"HANOVER Plan in Glen at Cascading Palms, Atlanta, GA 30331",4bd,3ba,413990,2804,917187.7
"2535 Abner Pl NW, Atlanta, GA 30318",3bd,1ba,215000,864,282614.18
"1406 Mozley Pl SW, Atlanta, GA 30314",3bd,2ba,379999,1210,395790.7
"133 Holly Rd NW, Atlanta, GA 30314",3bd,1ba,227000,913,298642.07
"1962 Montrose Dr, East Pt, GA 30344",3bd,3ba,374900,1971,644713.61
"1332 Willis Mill Rd SW, Atlanta, GA 30311",4bd,2ba,329000,2203,720600.75
"2845 Forrest Hills Dr SW, Atlanta, GA 30315",4bd,4ba,339600,2100,686909.47
"1591 Abner Ter NW, Atlanta, GA 30318",3bd,2ba,210000,1192,389902.9
"1504 Woodcliff Dr NE, Sandy Springs, GA 30350",2bd,1ba,259900,1000,327099.75
"5220 Koweta Rd   S, Atlanta, GA 30349",3bd,3ba,200000,1104,361118.12
"515 Hancock Dr   SE #40, Atlanta, GA 30306",4bd,3ba,424990,2506,819711.97
"2356 Johnson Rd, Atlanta, GA 30345",3bd,3ba,315000,1600,523359.6
"2544 Laurel Cir NW, Atlanta, GA 30311",2bd,3ba,245000,1626,531864.19
"Brycen Plan in Reverie on Cumberland, Atlanta, GA 30339",2bd,3ba,464900,1569,513219.51
"2369 Cloverdale Dr, Atlanta, GA 30316",4bd,3ba,575000,2606,852421.95
"Corban Plan in The Collection at East Lake, Atlanta, GA 30316",3bd,3ba,475200,1978,647003.31
"185 Trowbridge Rd, Sandy Springs, GA 30350",6bd,4ba,875000,3123,1021532.52
"4013 Avalon Rd   SW, Atlanta, GA 30331",3bd,3ba,260000,1440,471023.64
"Darwin Plan in The Villages at Oakshire, Atlanta, GA 30354",3bd,3ba,326940,1749,572097.46
"6802 Glenridge Dr #H, Sandy Springs, GA 30328",2bd,2ba,299900,1320,431771.67
"3982 Wolcott Cir, Doraville, GA 30340",2bd,3ba,248000,1470,480836.63
"2030 Main St   NW #503, Atlanta, GA 30318",4bd,4ba,519990,2148,702610.26
"4449 Kellogg Cir, Atlanta, GA 30338",5bd,4ba,824900,2786,911299.9
"132 Hillside Ave SE, Atlanta, GA 30315",4bd,4ba,600000,2700,883169.32
"821 Peyton Ave NW, Atlanta, GA 30318",3bd,3ba,425000,1730,565882.57
"Bellamy Plan in Park Vue, Atlanta, GA 30318",2bd,3ba,459710,1590,520088.6
"3126 Meadowstone Ln SW, Atlanta, GA 30331",3bd,3ba,310000,1336,437005.27
"2 Bedroom ; 2 Bathroom Plan in Moreland Walk, Atlanta, GA 30316",2bd,2ba,339000,1105,361445.22
"792 Magna Carta Dr NW, Atlanta, GA 30318",3bd,2ba,185000,1094,357847.13
"1753 Kellogg Springs Dr, Atlanta, GA 30338",4bd,3ba,690000,3034,992420.64
"2555 Flat Shoals Rd   #2204, Atlanta, GA 30349",3bd,3ba,266000,1612,527284.8
"170 Boulevard SE #H308, Atlanta, GA 30312",1bd,1ba,385000,1269,415089.58
"1372 Wichita Dr SW, Atlanta, GA 30311",3bd,1ba,215000,1039,339856.64
"2604 Campbellton Rd   SW #A5, Atlanta, GA 30311",2bd,3ba,174999,1728,565228.37
"8 Johnson Rd NW, Atlanta, GA 30318",3bd,2ba,329000,1940,634573.51
"4056 Ashford Dunwoody Rd   NE, Atlanta, GA 30319",4bd,5ba,1299000,4300,1406528.92
"Hayden Plan in The Villages at Oakshire, Atlanta, GA 30354",5bd,3ba,354990,2511,821347.47
"3201 Lenox Rd   NE #23, Atlanta, GA 30324",2bd,2ba,310000,1249,408547.59
"585 McWilliams Rd   SE #505, Atlanta, GA 30315",3bd,3ba,300000,1368,447472.46
"1208 N  Decatur Rd, Atlanta, GA 30306",Studio,Undisclosed,325000,6000,1962598.5
"5603 Woodsong Trl, Atlanta, GA 30338",4bd,3ba,720000,2292,749712.63
"390 17th St   NW #4030, Atlanta, GA 30363",1bd,1ba,245900,868,283922.58
"795 Hammond Dr #2305, Sandy Springs, GA 30328",2bd,2ba,319000,1309,428173.57
"HAYDEN Plan in Glen at Cascading Palms, Atlanta, GA 30331",5bd,3ba,403990,2511,821347.47
"1895 Thomasville Dr SE, Atlanta, GA 30315",4bd,2ba,295000,983,321539.05
"3765 Village Dr SW, Atlanta, GA 30331",4bd,3ba,430000,2217,725180.15
"846 Hargis St SE, Atlanta, GA 30315",3bd,3ba,310000,1976,646349.11
"2356 Johnson Rd   NE, Atlanta, GA 30345",3bd,3ba,315000,1600,523359.6
"115 Biscayne Dr   NW #E4, Atlanta, GA 30309",3bd,2ba,265000,1300,425229.67
"115 Biscayne Dr   NW #A12, Atlanta, GA 30309",3bd,2ba,300000,1300,425229.67
"1748 Devon Dr   SW #33, Atlanta, GA 30311",2bd,3ba,225000,1328,434388.47
"Avery Plan in Ten29 West, Atlanta, GA 30318",3bd,4ba,700000,2294,750366.83
"Strozzi Plan in Reverie on Cumberland, Atlanta, GA 30339",4bd,4ba,899900,3155,1031999.71
"369 Delevan St SW, Atlanta, GA 30310",3bd,3ba,525000,2400,785039.4
"215 Semel Cir  #460, Atlanta, GA 30309",2bd,3ba,375000,1281,419014.78
"3675 Peachtree Rd NE #29, Atlanta, GA 30319",2bd,2ba,330000,1090,356538.73
"549 Pryor St SW, Atlanta, GA 30312",3bd,3ba,225000,1392,455322.85
"Briarcliff Plan in Altus at The Quarter, Atlanta, GA 30318",2bd,3ba,557990,2092,684292.68
"Hartsfield Plan in Hawthorne Station, Atlanta, GA 30337",4bd,3ba,353900,2066,675788.08
"Wallace Plan in Woodland Preserve, Atlanta, GA 30339",4bd,4ba,816990,3239,1059476.09
"1895 Markone St NW, Atlanta, GA 30318",2bd,1ba,249999,1056,345417.34
"3379 Bellbuckle Ln, Atlanta, GA 30331",4bd,3ba,436239,2080,680367.48
"4826 Elm Leaf Dr, Atlanta, GA 30331",4bd,3ba,420999,2089,683311.38
"607 Enterkin Ct   #9, Atlanta, GA 30349",4bd,3ba,350000,2278,745133.23
"1160 Aurora Ct, Atlanta, GA 30338",5bd,4ba,649000,2890,945318.28
"1006 Burns Dr SW, Atlanta, GA 30310",4bd,2ba,299999,1595,521724.1
"1662 Florence Run  NW #79, Atlanta, GA 30318",3bd,3ba,424900,1362,445509.86
"175 Lost Springs Ln SW, Atlanta, GA 30331",3bd,3ba,260000,2613,854711.65
"1160 Windsor Pkwy #5, Sandy Springs, GA 30319",3bd,3ba,485000,1714,560648.97
"6921 Cedar Run  #22, Atlanta, GA 30350",3bd,3ba,430375,1972,645040.71
"Hutton Plan in Altus at The Quarter, Atlanta, GA 30318",3bd,3ba,599990,2349,768357.31
"Riverside Plan in Riverline, Atlanta, GA 30318",3bd,4ba,500000,2175,711441.96
"Riverwalk Plan in Riverline, Atlanta, GA 30318",3bd,4ba,500000,2175,711441.96
"Armstrong Plan in Hawthorne Station, Atlanta, GA 30337",3bd,3ba,349900,1871,612003.63
"Lanier Plan in Woodland Preserve, Atlanta, GA 30339",3bd,3ba,766990,2745,897888.81
"3621 Vinings Slope #1536, Atlanta, GA 30339",2bd,2ba,425000,1411,461537.75
"1048 Mayson Turner Rd NW, Atlanta, GA 30314",5bd,4ba,599000,2980,974757.25
"1470 Ryan St SW, Atlanta, GA 30310",3bd,3ba,475000,1704,557377.97
"2152 Ivydale St, East Pt, GA 30344",3bd,3ba,325000,1650,539714.59
"24113 Plantation Dr NE, Atlanta, GA 30324",1bd,1ba,200000,816,266913.4
"1435 Gatestone Way, Atlanta, GA 30339",7bd,7ba,1950000,8296,2713619.53
"MANSFIELD Plan in Glen at Cascading Palms, Atlanta, GA 30331",5bd,4ba,457990,3411,1115737.25
"6834 Fireside Ln, College Park, GA 30349",5bd,3ba,389000,3120,1020551.22
"275 Ralph D Abernathy Blvd SW, Atlanta, GA 30312",3bd,4ba,279999,1500,490649.62
"1712 Dresden Dr   NE, Atlanta, GA 30319",7bd,6ba,1299000,5416,1771572.25
"1180 Richland Rd SW, Atlanta, GA 30310",3bd,2ba,325000,1050,343454.74
"2783 Grand Ave SW, Atlanta, GA 30315",3bd,1ba,135000,1062,347379.93
"1795 Gillem Dr, East Pt, GA 30344",3bd,1ba,165000,1128,368968.52
"635 Londonberry Rd, Sandy Springs, GA 30327",4bd,4ba,750000,2899,948262.18
"2575 Peachtree Rd NE #6G, Atlanta, GA 30305",2bd,2ba,425000,1594,521397.0
"Briscoe Plan in Hawthorne Station, Atlanta, GA 30337",3bd,3ba,347900,1806,590742.15
"Calder Plan in Woodland Preserve, Atlanta, GA 30339",4bd,4ba,754990,2682,877281.53
"Briarcliff 4-Story Plan in Easton, Atlanta, GA 30318",2bd,3ba,619990,2427,793871.09
"1514 Joseph E Boone Blvd NW, Atlanta, GA 30314",4bd,2ba,375900,1626,531864.19
"4652 Edwina Ln SW, Atlanta, GA 30331",3bd,2ba,155000,1025,335277.24
"3974 Allegretto Cir  #33, Atlanta, GA 30339",3bd,4ba,515835,1602,524013.8
"1901 Huntingdon Chas, Atlanta, GA 30350",3bd,2ba,235000,1397,456958.35
"2608 Caruso Way  #256, Atlanta, GA 30339",3bd,4ba,464900,1602,524013.8
"1839 Brannen Rd, Atlanta, GA 30316",4bd,2ba,299999,1529,500135.52
"2841 Belleau Ln, Atlanta, GA 30316",3bd,2ba,299000,1378,450743.46
"2145 Park Ter, College Park, GA 30337",4bd,4ba,570000,2500,817749.37
"3898 King Arthur Rd SW, Atlanta, GA 30331",3bd,3ba,350000,1776,580929.16
"3076 Lynn Dr SW, Atlanta, GA 30311",3bd,2ba,385000,1469,480509.53
"800 Peachtree St NE #1507, Atlanta, GA 30308",1bd,1ba,290000,1094,357847.13
"1918 Flintwood Dr, Atlanta, GA 30316",3bd,2ba,200000,1304,426538.07
"1745 Woodcliff Pl, Atlanta, GA 30329",3bd,3ba,359900,2229,729105.34
"2185 Medfield Trl, Atlanta, GA 30345",3bd,2ba,375000,1998,653545.3
"2655 Picardy Cir S, Atlanta, GA 30349",2bd,3ba,189500,2550,834104.36
"2879 Harlan Dr, East Pt, GA 30344",2bd,1ba,149900,936,306165.37
"1265 Calhoun Ave, East Pt, GA 30344",3bd,1ba,315000,1210,395790.7
"1663 N  Ave NW, Atlanta, GA 30318",3bd,3ba,499900,1700,556069.57
"359 Fairburn Rd NW, Atlanta, GA 30331",2bd,1ba,147900,949,310417.66
"192 Hemphill School Rd NW, Atlanta, GA 30331",3bd,2ba,94900,1230,402332.69
"1041 Valley View Rd SE, Atlanta, GA 30315",3bd,1ba,220000,875,286212.28
"2968 Northside Dr NW, Atlanta, GA 30327",4bd,6ba,1200000,4456,1457556.49
"6027 Birdseye Trl, Atlanta, GA 30349",4bd,3ba,362500,2782,909991.5
"425 Chapel St SW #1103, Atlanta, GA 30313",2bd,2ba,299000,1196,391211.3
"1168 Eggleston St SW, Atlanta, GA 30310",3bd,3ba,439000,1683,550508.88
"309 Woodmill Way SW, Atlanta, GA 30331",4bd,5ba,400000,4175,1365641.46
"701 Pine Tree Trl  S  #10E, Atlanta, GA 30349",4bd,2ba,90000,1180,385977.7
"1711 Summit Glen Ln   NE, Atlanta, GA 30329",4bd,5ba,650000,3489,1141251.03
"2655 Picardy Cir  N  #B, Atlanta, GA 30349",2bd,3ba,189500,2550,834104.36
"3297 N  Embry Cir, Atlanta, GA 30341",4bd,3ba,625000,2810,919150.3
"2818 Belaire Cir, Doraville, GA 30340",3bd,2ba,400000,1541,504060.71
"23203 Plantation Dr NE, Atlanta, GA 30324",2bd,2ba,275000,1224,400370.09
"172 Dalrymple Rd, Sandy Springs, GA 30328",6bd,8ba,1799500,7179,2348249.1
"870 Mayson Turner Rd   NW #1106, Atlanta, GA 30314",2bd,2ba,212000,872,285230.98
"1338 Parc Bench Rd   #8, Atlanta, GA 30349",3bd,3ba,424995,1415,462846.15
"Clover Plan in Zephyr, Atlanta, GA 30315",4bd,3ba,562000,1862,609059.73
"3915 Thaxton Rd SW, Atlanta, GA 30331",3bd,2ba,285000,1484,485416.03
"1871 S  Hampton Ln   SE, Atlanta, GA 30316",4bd,3ba,365000,2270,742516.43
"3951 Kingfisher Dr, Atlanta, GA 30349",5bd,3ba,430000,3028,990458.04
"2930 Eleanor Ter NW, Atlanta, GA 30318",3bd,2ba,339000,1560,510275.61
"810 Welch St SW, Atlanta, GA 30310",5bd,3ba,465000,2074,678404.88
"1384 Allegheny St SW, Atlanta, GA 30310",4bd,2ba,519000,1700,556069.57
"1766 Hadlock St SW, Atlanta, GA 30311",2bd,1ba,125000,750,245324.81
"2561 Thompson Rd   NE, Atlanta, GA 30319",7bd,5ba,1589000,5200,1700918.7
"147 15th St   NE #2A, Atlanta, GA 30309",2bd,2ba,700000,2343,766394.71
"2442 Springdale Rd SW, Atlanta, GA 30315",3bd,1ba,290000,1026,335604.34
"716 Lenox Ln, Atlanta, GA 30324",4bd,5ba,1000000,3100,1014009.22
"112 Rogers St   NE #206, Atlanta, GA 30317",2bd,2ba,471000,1449,473967.54
"3595 Quillback Ct, Atlanta, GA 30349",6bd,4ba,595000,3543,1158914.41
"1431 Graymont Dr   SW, Atlanta, GA 30310",4bd,4ba,525000,2301,752656.52
"1427 Graymont Dr   SW, Atlanta, GA 30310",4bd,4ba,525000,2301,752656.52
"3334 Peachtree Rd NE #902, Atlanta, GA 30326",1bd,1ba,318000,998,326445.55
"55 Glen Oaks Dr, Sandy Springs, GA 30327",6bd,8ba,1550000,8049,2632825.89
"490 Quillian Ave  SE #B, Decatur, GA 30032",4bd,3ba,585000,1859,608078.44
"4015 Riverchess Dr SW, Atlanta, GA 30331",3bd,3ba,404990,1828,597938.34
"3935 Shandra Way, South Fulton, GA 30349",3bd,2ba,310000,1638,535789.39
"2230 Cedarbrook Ct   SE, Atlanta, GA 30316",4bd,2ba,500000,2129,696395.37
"3511 Hamilton Ave, Hapeville, GA 30354",3bd,3ba,449000,1996,652891.1
"2354 Burroughs Ave SE, Atlanta, GA 30315",3bd,2ba,299500,1236,404295.29
"7680 Ryefield Dr, Sandy Springs, GA 30350",6bd,5ba,789000,3720,1216811.07
"872 Glenway Dr, East Pt, GA 30344",3bd,2ba,319000,1704,557377.97
"476 Village Creek Dr, Atlanta, GA 30338",3bd,3ba,280000,1800,588779.55
"670 Federal Ter SE, Atlanta, GA 30315",3bd,2ba,399000,1288,421304.48
"Calliope Plan in Park Vue, Atlanta, GA 30318",3bd,3ba,468405,1507,492939.32
"1700 Hadlock St SW, Atlanta, GA 30311",2bd,1ba,145000,768,251212.61
"2187 Tiger Flowers Dr NW, Atlanta, GA 30314",3bd,1ba,180000,900,294389.77
"5996 Mitchell Rd   #20, Atlanta, GA 30328",3bd,4ba,480000,2350,768684.41
"6871 Cedar Run  #18, Atlanta, GA 30350",3bd,3ba,440375,1972,645040.71
"2184 Polar Rock Pl SW, Atlanta, GA 30315",2bd,1ba,227000,895,292754.28
"2114 Drew Valley Rd   NE, Atlanta, GA 30319",3bd,3ba,659900,2262,739899.63
"790 Liberty Commons Dr NW, Atlanta, GA 30314",3bd,4ba,390000,1895,619854.03
"704 Garden Ct, Sandy Springs, GA 30328",2bd,2ba,290000,1200,392519.7
"2965 Pharr Court South NW #115, Atlanta, GA 30305",2bd,2ba,225000,1167,381725.41
"870 Mayson Turner Rd   NW #1102, Atlanta, GA 30314",2bd,1ba,199900,872,285230.98
"1674 Sandtown Rd SW, Atlanta, GA 30311",3bd,2ba,340000,1526,499154.22
"36 Sheridan Dr NE #A4, Atlanta, GA 30305",2bd,1ba,295000,1036,338875.34
"293 Candler St, Atlanta, GA 30307",4bd,3ba,850000,2694,881206.73
"2504 Bradford Sq, Atlanta, GA 30345",3bd,2ba,265000,1320,431771.67
"1039 Palmetto Ave SW, Atlanta, GA 30314",4bd,3ba,524900,1750,572424.56
"1077 Peeples St SW, Atlanta, GA 30310",3bd,2ba,285000,1169,382379.61
"1579 Montreat Ave SW, Atlanta, GA 30311",4bd,3ba,574900,2800,915879.3
"635 Kennolia Dr SW, Atlanta, GA 30310",3bd,2ba,325000,1480,484107.63
"3079 Valleydale Dr SW, Atlanta, GA 30311",3bd,2ba,450000,1936,633265.12
"539 Seal Pl NE, Atlanta, GA 30308",3bd,4ba,800000,2511,821347.47
"3377 Napoleon St, College Park, GA 30337",4bd,6ba,775000,2625,858636.84
"120 Ralph McGill Blvd NE #505, Atlanta, GA 30308",1bd,1ba,294900,1190,389248.7
"5617 Casa Blanca Ln, Atlanta, GA 30331",5bd,4ba,529900,3170,1036906.21
"476 Village Creek Dr   #A, Atlanta, GA 30338",3bd,3ba,280000,1800,588779.55
"790 Liberty Commons Dr   NW #601, Atlanta, GA 30314",3bd,4ba,390000,1895,619854.03
"795 Hammond Dr #2307, Sandy Springs, GA 30328",1bd,1ba,262000,941,307800.86
"4006 Riverchess Dr SW, Atlanta, GA 30331",3bd,3ba,384990,1814,593358.95
"3998 Riverchess Dr SW, Atlanta, GA 30331",3bd,3ba,384990,1814,593358.95
"2408 Lakeshore Dr   #28, Atlanta, GA 30307",3bd,3ba,407900,1415,462846.15
"2418 Charleston Pointe Ct, Atlanta, GA 30316",4bd,3ba,342000,1864,609713.93
"3030 Lynhurst Cir SW, Atlanta, GA 30311",4bd,2ba,350000,2004,655507.9
"75 Spruell Springs Rd, Atlanta, GA 30342",6bd,5ba,1650000,6700,2191568.32
"3266 Henderson Mill Rd   #B, Chamblee, GA 30341",2bd,2ba,259000,1201,392846.8
"707 Banton Dr NW, Atlanta, GA 30318",3bd,4ba,625000,2095,685273.98
"3320 Ridge Poin, Atlanta, GA 30339",4bd,4ba,875000,5013,1639751.05
"1868 Bragg St, Atlanta, GA 30341",4bd,4ba,1120000,3932,1286156.22
"505 Whitehall St SW #101, Atlanta, GA 30313",2bd,1ba,372555,1355,443220.16
"1965 Hidden Hts  NW, Atlanta, GA 30318",3bd,3ba,430000,1444,472332.04
"1775 Brandon Hall Dr, Sandy Springs, GA 30350",4bd,5ba,840000,5395,1764703.15
"1385 Centra Villa Dr SW, Atlanta, GA 30311",4bd,2ba,399500,1860,608405.53
"1300 Kipling St SE, Atlanta, GA 30315",3bd,2ba,295000,1140,372893.71
"870 Mayson Turner Rd   NW #1012, Atlanta, GA 30314",2bd,2ba,175000,1094,357847.13
"589 Pelham Rd NE, Atlanta, GA 30324",5bd,4ba,1400000,5127,1677040.42
"238 Ismal Dr   SW, Atlanta, GA 30331",3bd,4ba,373000,1832,599246.74
"4046 Braxton Pl SW, Atlanta, GA 30331",3bd,3ba,235000,1368,447472.46
"Kennedy Plan in Hawthorne Station, Atlanta, GA 30337",3bd,3ba,350900,1890,618218.53
"3717 Allegretto Cir, Atlanta, GA 30339",3bd,4ba,565000,1828,597938.34
"601 Oakside Dr SW, Atlanta, GA 30331",3bd,2ba,259800,1564,511584.01
"1238 Ladd St SW, Atlanta, GA 30310",4bd,3ba,469000,1958,640461.31
"58 Mount Vernon Cir, Atlanta, GA 30338",3bd,3ba,424000,1750,572424.56
"394 Sawtell Ave SE, Atlanta, GA 30315",3bd,2ba,334900,1363,445836.96
"3070 Meadow Mere W, Chamblee, GA 30341",3bd,3ba,290000,1803,589760.85
"1034 Palmetto Ave SW, Atlanta, GA 30314",4bd,4ba,510000,2197,718638.15
"853 Gaston St SW, Atlanta, GA 30310",4bd,4ba,435000,2300,752329.42
"126 Chappell Rd NW, Atlanta, GA 30314",2bd,1ba,155000,977,319576.46
"781 Ayrshire Cir NW, Atlanta, GA 30318",3bd,1ba,100000,866,283268.38
"716 Church St NW, Atlanta, GA 30318",3bd,2ba,355000,1276,417379.28
"395 Spindle Ct, Sandy Springs, GA 30350",5bd,5ba,829000,4192,1371202.15
"390 17th St NW #3036, Atlanta, GA 30363",2bd,2ba,315990,1166,381398.31
"1075 Thomasville Estate Way  #19, Atlanta, GA 30315",3bd,3ba,333990,1800,588779.55
"1027 Thomasville Estate Way  #11, Atlanta, GA 30315",3bd,3ba,329990,1800,588779.55
"1051 Thomasville Estate Way  #15, Atlanta, GA 30315",3bd,3ba,329990,1800,588779.55
"3998 Riverchess Dr   SW #108, Atlanta, GA 30331",3bd,3ba,384990,1814,593358.95
"42 Arpege Way  NW #42, Atlanta, GA 30327",2bd,2ba,244900,1273,416397.98
"4006 Riverchess Dr   SW #110, Atlanta, GA 30331",3bd,3ba,384990,1814,593358.95
"2100 Garden Pl   SE #13, Atlanta, GA 30316",4bd,5ba,529900,2350,768684.41
"50 Old Powers Pl NW, Sandy Springs, GA 30327",4bd,5ba,1195000,4879,1595919.68
"Adeline Plan in The Parc, Atlanta, GA 30316",3bd,4ba,400000,1984,648965.9
"2371 Towneview Ct SE #7, Smyrna, GA 30339",4bd,4ba,399000,1963,642096.81
"2996 Jonesboro Rd   SE #B, Atlanta, GA 30354",3bd,3ba,209900,1902,622143.72
"638 River Ridge Dr   SE, Atlanta, GA 30354",3bd,3ba,384990,2235,731067.94
"6 Normandy Ct NE, Atlanta, GA 30324",2bd,2ba,280000,1450,474294.64
"6062 Pineside Dr, Atlanta, GA 30349",3bd,2ba,275000,1100,359809.72
